timeStamp,elapsed,label,responseCode,responseMessage,threadName,dataType,success,failureMessage,bytes,sentBytes,grpThreads,allThreads,Latency,IdleTime,Connect
1503756326858,212,HTTP Request,200,,Thread Group 1-172,text,true,,139284,196,273,273,70,0,1
1503756326940,171,HTTP Request,200,,Thread Group 1-200,text,true,,139284,196,301,301,40,0,1
1503756326785,886,HTTP Request,200,,Thread Group 1-145,text,true,,139284,196,300,300,884,0,1
1503756326782,890,HTTP Request,200,,Thread Group 1-124,text,true,,139284,196,299,299,888,0,1
1503756326985,692,HTTP Request,200,,Thread Group 1-214,text,true,,139284,196,298,298,690,0,2
1503756326974,704,HTTP Request,200,,Thread Group 1-206,text,true,,139284,196,297,297,699,0,1
1503756326786,892,HTTP Request,200,,Thread Group 1-128,text,true,,139284,196,297,297,887,0,1
1503756326986,695,HTTP Request,200,,Thread Group 1-210,text,true,,139284,196,295,295,694,0,0
1503756326810,878,HTTP Request,200,,Thread Group 1-152,text,true,,139284,196,294,294,860,0,1
1503756326986,702,HTTP Request,200,,Thread Group 1-209,text,true,,139284,196,294,294,697,0,0
1503756326988,703,HTTP Request,200,,Thread Group 1-217,text,true,,139284,196,292,292,692,0,0
1503756326987,705,HTTP Request,200,,Thread Group 1-218,text,true,,139284,196,291,291,692,0,1
1503756326991,709,HTTP Request,200,,Thread Group 1-221,text,true,,139284,196,290,290,706,0,1
1503756326985,716,HTTP Request,200,,Thread Group 1-205,text,true,,139284,196,289,289,705,0,2
1503756326993,710,HTTP Request,200,,Thread Group 1-223,text,true,,139284,196,288,288,708,0,1
1503756326991,719,HTTP Request,200,,Thread Group 1-222,text,true,,139284,196,287,287,702,0,1
1503756326998,718,HTTP Request,200,,Thread Group 1-216,text,true,,139284,196,286,286,714,0,1
1503756326999,724,HTTP Request,200,,Thread Group 1-225,text,true,,139284,196,285,285,718,0,1
1503756326998,725,HTTP Request,200,,Thread Group 1-227,text,true,,139284,196,285,285,706,0,1
1503756327001,723,HTTP Request,200,,Thread Group 1-229,text,true,,139284,196,284,284,718,0,0
1503756327003,733,HTTP Request,200,,Thread Group 1-220,text,true,,139284,196,282,282,728,0,1
1503756327010,729,HTTP Request,200,,Thread Group 1-231,text,true,,139284,196,281,281,725,0,1
1503756326807,933,HTTP Request,200,,Thread Group 1-151,text,true,,139284,196,280,280,898,0,1
1503756327012,736,HTTP Request,200,,Thread Group 1-228,text,true,,139284,196,279,279,732,0,1
1503756326995,757,HTTP Request,200,,Thread Group 1-226,text,true,,139284,196,278,278,715,0,1
1503756327014,739,HTTP Request,200,,Thread Group 1-235,text,true,,139284,196,277,277,737,0,1
1503756327004,749,HTTP Request,200,,Thread Group 1-230,text,true,,139284,196,276,276,738,0,1
1503756326990,766,HTTP Request,200,,Thread Group 1-212,text,true,,139284,196,275,275,704,0,1
1503756327018,741,HTTP Request,200,,Thread Group 1-238,text,true,,139284,196,274,274,739,0,0
1503756327017,743,HTTP Request,200,,Thread Group 1-232,text,true,,139284,196,273,273,741,0,1
1503756327022,743,HTTP Request,200,,Thread Group 1-242,text,true,,139284,196,272,272,740,0,1
1503756327023,745,HTTP Request,200,,Thread Group 1-241,text,true,,139284,196,271,271,743,0,1
1503756326985,785,HTTP Request,200,,Thread Group 1-215,text,true,,139284,196,270,270,715,0,1
1503756327022,751,HTTP Request,200,,Thread Group 1-236,text,true,,139284,196,269,269,748,0,1
1503756327014,829,HTTP Request,200,,Thread Group 1-234,text,true,,139284,196,268,268,759,0,1
1503756327016,828,HTTP Request,200,,Thread Group 1-237,text,true,,139284,196,267,267,735,0,1
1503756326787,1062,HTTP Request,200,,Thread Group 1-147,text,true,,139284,196,266,266,1060,0,1
1503756327039,817,HTTP Request,200,,Thread Group 1-254,text,true,,139284,196,265,265,814,0,0
1503756327038,819,HTTP Request,200,,Thread Group 1-253,text,true,,139284,196,264,264,812,0,1
1503756327040,820,HTTP Request,200,,Thread Group 1-255,text,true,,139284,196,263,263,818,0,1
1503756327042,822,HTTP Request,200,,Thread Group 1-256,text,true,,139284,196,262,262,820,0,1
1503756327044,825,HTTP Request,200,,Thread Group 1-257,text,true,,139284,196,261,261,822,0,1
1503756327047,833,HTTP Request,200,,Thread Group 1-259,text,true,,139284,196,260,260,831,0,1
1503756327045,837,HTTP Request,200,,Thread Group 1-258,text,true,,139284,196,259,259,826,0,1
1503756326790,1093,HTTP Request,200,,Thread Group 1-132,text,true,,139284,196,258,258,1081,0,1
1503756326919,966,HTTP Request,200,,Thread Group 1-192,text,true,,139284,196,257,257,954,0,1
1503756327055,834,HTTP Request,200,,Thread Group 1-262,text,true,,139284,196,256,256,831,0,1
1503756327051,838,HTTP Request,200,,Thread Group 1-261,text,true,,139284,196,256,256,831,0,1
1503756327055,838,HTTP Request,200,,Thread Group 1-260,text,true,,139284,196,254,254,831,0,1
1503756326913,980,HTTP Request,200,,Thread Group 1-188,text,true,,139284,196,253,253,962,0,0
1503756327055,841,HTTP Request,200,,Thread Group 1-263,text,true,,139284,196,252,252,837,0,1
1503756327059,851,HTTP Request,200,,Thread Group 1-266,text,true,,139284,196,255,255,849,0,1
1503756326867,1050,HTTP Request,200,,Thread Group 1-167,text,true,,139284,196,262,262,1006,0,1
1503756326929,988,HTTP Request,200,,Thread Group 1-174,text,true,,139284,196,262,262,944,0,1
1503756326924,994,HTTP Request,200,,Thread Group 1-170,text,true,,139284,196,261,261,949,0,1
1503756326938,982,HTTP Request,200,,Thread Group 1-181,text,true,,139284,196,260,260,936,0,1
1503756327065,855,HTTP Request,200,,Thread Group 1-270,text,true,,139284,196,260,259,854,0,1
1503756326925,997,HTTP Request,200,,Thread Group 1-169,text,true,,139284,196,258,258,962,0,1
1503756327064,859,HTTP Request,200,,Thread Group 1-268,text,true,,139284,196,257,257,855,0,1
1503756327068,857,HTTP Request,200,,Thread Group 1-272,text,true,,139284,196,256,256,853,0,1
1503756327069,857,HTTP Request,200,,Thread Group 1-273,text,true,,139284,196,255,255,854,0,1
1503756327071,856,HTTP Request,200,,Thread Group 1-275,text,true,,139284,196,255,255,854,0,1
1503756326915,1013,HTTP Request,200,,Thread Group 1-161,text,true,,139284,196,253,253,960,0,1
1503756326920,1010,HTTP Request,200,,Thread Group 1-165,text,true,,139284,196,252,252,955,0,1
1503756327071,860,HTTP Request,200,,Thread Group 1-274,text,true,,139284,196,251,251,854,0,1
1503756327081,852,HTTP Request,200,,Thread Group 1-279,text,true,,139284,196,250,250,849,0,1
1503756327082,852,HTTP Request,200,,Thread Group 1-281,text,true,,139284,196,249,249,850,0,0
1503756327082,853,HTTP Request,200,,Thread Group 1-278,text,true,,139284,196,248,248,851,0,1
1503756327085,852,HTTP Request,200,,Thread Group 1-283,text,true,,139284,196,247,247,849,0,1
1503756327086,852,HTTP Request,200,,Thread Group 1-285,text,true,,139284,196,246,246,850,0,1
1503756327086,854,HTTP Request,200,,Thread Group 1-282,text,true,,139284,196,245,245,851,0,1
1503756327089,853,HTTP Request,200,,Thread Group 1-287,text,true,,139284,196,244,244,850,0,1
1503756327090,853,HTTP Request,200,,Thread Group 1-289,text,true,,139284,196,243,243,851,0,1
1503756327067,876,HTTP Request,200,,Thread Group 1-271,text,true,,139284,196,243,243,854,0,1
1503756327060,884,HTTP Request,200,,Thread Group 1-267,text,true,,139284,196,241,241,835,0,1
1503756327094,852,HTTP Request,200,,Thread Group 1-291,text,true,,139284,196,240,240,850,0,1
1503756327094,852,HTTP Request,200,,Thread Group 1-290,text,true,,139284,196,240,240,849,0,1
1503756327094,853,HTTP Request,200,,Thread Group 1-293,text,true,,139284,196,238,238,851,0,1
1503756327098,850,HTTP Request,200,,Thread Group 1-294,text,true,,139284,196,237,237,848,0,1
1503756327100,852,HTTP Request,200,,Thread Group 1-280,text,true,,139284,196,237,237,849,0,1
1503756327102,851,HTTP Request,200,,Thread Group 1-299,text,true,,139284,196,237,237,847,0,1
1503756327058,897,HTTP Request,200,,Thread Group 1-265,text,true,,139284,196,236,236,837,0,1
1503756327060,895,HTTP Request,200,,Thread Group 1-264,text,true,,139284,196,236,236,848,0,1
1503756327103,855,HTTP Request,200,,Thread Group 1-298,text,true,,139284,196,235,235,853,0,1
1503756327104,856,HTTP Request,200,,Thread Group 1-301,text,true,,139284,196,234,234,852,0,1
1503756327098,863,HTTP Request,200,,Thread Group 1-295,text,true,,139284,196,233,233,852,0,1
1503756327104,857,HTTP Request,200,,Thread Group 1-284,text,true,,139284,196,233,233,855,0,1
1503756326901,1062,HTTP Request,200,,Thread Group 1-195,text,true,,139284,196,233,233,986,0,1
1503756326765,1200,HTTP Request,200,,Thread Group 1-129,text,true,,139284,196,233,233,222,0,1
1503756326883,1087,HTTP Request,200,,Thread Group 1-183,text,true,,139284,196,237,237,1004,0,1
1503756326934,1038,HTTP Request,200,,Thread Group 1-177,text,true,,139284,196,236,236,964,0,0
1503756327073,901,HTTP Request,200,,Thread Group 1-276,text,true,,139284,196,235,235,868,0,1
1503756327063,911,HTTP Request,200,,Thread Group 1-269,text,true,,139284,196,234,234,856,0,1
1503756327108,867,HTTP Request,200,,Thread Group 1-288,text,true,,139284,196,233,233,864,0,1
1503756327090,888,HTTP Request,200,,Thread Group 1-286,text,true,,139284,196,234,234,850,0,1
1503756326929,1050,HTTP Request,200,,Thread Group 1-173,text,true,,139284,196,233,233,971,0,1
1503756327075,904,HTTP Request,200,,Thread Group 1-277,text,true,,139284,196,233,233,854,0,1
1503756326934,1045,HTTP Request,200,,Thread Group 1-178,text,true,,139284,196,233,233,966,0,1
1503756327099,881,HTTP Request,200,,Thread Group 1-297,text,true,,139284,196,232,232,848,0,0
1503756326910,1071,HTTP Request,200,,Thread Group 1-184,text,true,,139284,196,231,231,989,0,0
1503756326922,1060,HTTP Request,200,,Thread Group 1-219,text,true,,139284,196,233,233,976,0,1
1503756326916,1068,HTTP Request,200,,Thread Group 1-162,text,true,,139284,196,232,232,983,0,1
1503756326909,1077,HTTP Request,200,,Thread Group 1-207,text,true,,139284,196,232,232,989,0,1
1503756327106,888,HTTP Request,200,,Thread Group 1-302,text,true,,139284,196,239,239,855,0,1
1503756327110,886,HTTP Request,200,,Thread Group 1-306,text,true,,139284,196,238,238,866,0,1
1503756326672,1326,HTTP Request,200,,Thread Group 1-61,text,true,,139284,196,237,237,1277,0,1
1503756326594,1405,HTTP Request,200,,Thread Group 1-2,text,true,,139284,196,237,237,1313,0,38
1503756326639,1365,HTTP Request,200,,Thread Group 1-33,text,true,,139284,196,235,235,1334,0,1
1503756326632,1377,HTTP Request,200,,Thread Group 1-29,text,true,,139284,196,234,234,1273,0,1
1503756326639,1371,HTTP Request,200,,Thread Group 1-34,text,true,,139284,196,234,234,1335,0,1
1503756326623,1387,HTTP Request,200,,Thread Group 1-20,text,true,,139284,196,234,234,1284,0,1
1503756326681,1330,HTTP Request,200,,Thread Group 1-68,text,true,,139284,196,233,233,1306,0,1
1503756326711,1301,HTTP Request,200,,Thread Group 1-93,text,true,,139284,196,232,232,1240,0,1
1503756326666,1347,HTTP Request,200,,Thread Group 1-56,text,true,,139284,196,232,232,1311,0,0
1503756326920,1096,HTTP Request,200,,Thread Group 1-166,text,true,,139284,196,229,229,1047,0,1
1503756326911,1107,HTTP Request,200,,Thread Group 1-157,text,true,,139284,196,228,228,1058,0,1
1503756326707,1312,HTTP Request,200,,Thread Group 1-86,text,true,,139284,196,227,227,1277,0,1
1503756326633,1387,HTTP Request,200,,Thread Group 1-30,text,true,,139284,196,226,226,1273,0,1
1503756326903,1119,HTTP Request,200,,Thread Group 1-199,text,true,,139284,196,225,225,1066,0,0
1503756326669,1354,HTTP Request,200,,Thread Group 1-59,text,true,,139284,196,224,224,1306,0,1
1503756326627,1396,HTTP Request,200,,Thread Group 1-25,text,true,,139284,196,224,224,1322,0,1
1503756326875,1149,HTTP Request,200,,Thread Group 1-175,text,true,,139284,196,222,222,1095,0,1
1503756326744,1280,HTTP Request,200,,Thread Group 1-109,text,true,,139284,196,221,221,1218,0,1
1503756326879,1146,HTTP Request,200,,Thread Group 1-179,text,true,,139284,196,220,220,1090,0,1
1503756326684,1342,HTTP Request,200,,Thread Group 1-71,text,true,,139284,196,219,219,1231,0,1
1503756326693,1333,HTTP Request,200,,Thread Group 1-78,text,true,,139284,196,219,219,1290,0,1
1503756326773,1255,HTTP Request,200,,Thread Group 1-137,text,true,,139284,196,220,220,1139,0,1
1503756326635,1395,HTTP Request,200,,Thread Group 1-31,text,true,,139284,196,219,219,1280,0,1
1503756326658,1373,HTTP Request,200,,Thread Group 1-37,text,true,,139284,196,219,219,1317,0,0
1503756326773,1258,HTTP Request,200,,Thread Group 1-135,text,true,,139284,196,217,217,1132,0,1
1503756326970,1062,HTTP Request,200,,Thread Group 1-202,text,true,,139284,196,217,217,995,0,2
1503756326912,1120,HTTP Request,200,,Thread Group 1-211,text,true,,139284,196,215,215,1056,0,1
1503756326605,1428,HTTP Request,200,,Thread Group 1-11,text,true,,139284,196,214,214,1299,0,23
1503756326933,1101,HTTP Request,200,,Thread Group 1-163,text,true,,139284,196,213,213,1034,0,1
1503756327914,123,HTTP Request,200,,Thread Group 1-609,text,true,,139284,196,211,211,120,0,1
1503756326877,1163,HTTP Request,200,,Thread Group 1-189,text,true,,139284,196,210,210,1093,0,2
1503756327106,936,HTTP Request,200,,Thread Group 1-303,text,true,,139284,196,209,209,859,0,1
1503756327918,126,HTTP Request,200,,Thread Group 1-593,text,true,,139284,196,208,208,124,0,1
1503756327108,937,HTTP Request,200,,Thread Group 1-305,text,true,,139284,196,207,207,878,0,1
1503756326722,1323,HTTP Request,200,,Thread Group 1-100,text,true,,139284,196,206,206,1179,0,0
1503756327962,87,HTTP Request,200,,Thread Group 1-577,text,true,,139284,196,205,205,85,0,3
1503756327966,86,HTTP Request,200,,Thread Group 1-569,text,true,,139284,196,205,205,85,0,0
1503756327968,88,HTTP Request,200,,Thread Group 1-561,text,true,,139284,196,204,204,86,0,0
1503756326753,1308,HTTP Request,200,,Thread Group 1-117,text,true,,139284,196,203,203,1166,0,1
1503756326687,1375,HTTP Request,200,,Thread Group 1-73,text,true,,139284,196,202,202,1216,0,1
1503756326631,1435,HTTP Request,200,,Thread Group 1-28,text,true,,139284,196,201,201,1275,0,1
1503756327982,89,HTTP Request,200,,Thread Group 1-549,text,true,,139284,196,200,200,87,0,0
1503756326601,1473,HTTP Request,200,,Thread Group 1-6,text,true,,139284,196,200,200,1348,0,30
1503756326902,1173,HTTP Request,200,,Thread Group 1-180,text,true,,139284,196,200,200,1002,0,1
1503756326673,1402,HTTP Request,200,,Thread Group 1-50,text,true,,139284,196,199,199,1234,0,1
1503756326719,1357,HTTP Request,200,,Thread Group 1-99,text,true,,139284,196,198,198,1242,0,0
1503756326628,1448,HTTP Request,200,,Thread Group 1-26,text,true,,139284,196,197,197,1345,0,1
1503756326887,1192,HTTP Request,200,,Thread Group 1-187,text,true,,139284,196,199,199,158,0,1
1503756326677,1364,HTTP Request,200,,Thread Group 1-54,text,true,,139284,196,209,209,1229,0,0
1503756327991,90,HTTP Request,200,,Thread Group 1-537,text,true,,139284,196,202,202,85,0,1
1503756326712,1372,HTTP Request,200,,Thread Group 1-94,text,true,,139284,196,200,200,1191,0,1
1503756326625,1460,HTTP Request,200,,Thread Group 1-23,text,true,,139284,196,199,199,1347,0,1
1503756327989,97,HTTP Request,200,,Thread Group 1-540,text,true,,139284,196,198,198,94,0,2
1503756326613,1473,HTTP Request,200,,Thread Group 1-16,text,true,,139284,196,197,197,1338,0,12
1503756326614,1473,HTTP Request,200,,Thread Group 1-14,text,true,,139284,196,196,196,1361,0,10
1503756327912,177,HTTP Request,200,,Thread Group 1-625,text,true,,139284,196,195,195,174,0,1
1503756326627,1463,HTTP Request,200,,Thread Group 1-24,text,true,,139284,196,194,194,1346,0,1
1503756327915,176,HTTP Request,200,,Thread Group 1-605,text,true,,139284,196,193,193,175,0,1
1503756328009,83,HTTP Request,200,,Thread Group 1-536,text,true,,139284,196,192,192,79,0,1
1503756326698,1394,HTTP Request,200,,Thread Group 1-82,text,true,,139284,196,191,191,1253,0,1
1503756328035,59,HTTP Request,200,,Thread Group 1-535,text,true,,139284,196,190,190,56,0,1
1503756327990,104,HTTP Request,200,,Thread Group 1-541,text,true,,139284,196,190,190,101,0,1
1503756327914,182,HTTP Request,200,,Thread Group 1-613,text,true,,139284,196,188,188,180,0,1
1503756327964,133,HTTP Request,200,,Thread Group 1-573,text,true,,139284,196,187,187,131,0,0
1503756327902,195,HTTP Request,200,,Thread Group 1-563,text,true,,139284,196,187,187,193,0,1
1503756327950,150,HTTP Request,200,,Thread Group 1-589,text,true,,139284,196,185,185,148,0,1
1503756327915,187,HTTP Request,200,,Thread Group 1-601,text,true,,139284,196,184,184,183,0,1
1503756327957,152,HTTP Request,200,,Thread Group 1-581,text,true,,139284,196,183,183,150,0,1
1503756326715,1396,HTTP Request,200,,Thread Group 1-72,text,true,,139284,196,182,182,1187,0,1
1503756327912,202,HTTP Request,200,,Thread Group 1-621,text,true,,139284,196,181,181,199,0,2
1503756326602,1513,HTTP Request,200,,Thread Group 1-8,text,true,,139284,196,180,180,1311,0,28
1503756326723,1394,HTTP Request,200,,Thread Group 1-88,text,true,,139284,196,179,179,1189,0,1
1503756326681,1438,HTTP Request,200,,Thread Group 1-39,text,true,,139284,196,178,178,1233,0,1
1503756327969,152,HTTP Request,200,,Thread Group 1-557,text,true,,139284,196,177,177,150,0,1
1503756326609,1513,HTTP Request,200,,Thread Group 1-13,text,true,,139284,196,176,176,1364,0,19
1503756327916,207,HTTP Request,200,,Thread Group 1-597,text,true,,139284,196,175,175,203,0,0
1503756326778,1350,HTTP Request,200,,Thread Group 1-139,text,true,,139284,196,174,174,1129,0,1
1503756326666,1462,HTTP Request,200,,Thread Group 1-45,text,true,,139284,196,174,174,1245,0,0
1503756328078,51,HTTP Request,200,,Thread Group 1-533,text,true,,139284,196,172,172,49,0,1
1503756328078,54,HTTP Request,200,,Thread Group 1-528,text,true,,139284,196,171,171,52,0,2
1503756328079,57,HTTP Request,200,,Thread Group 1-524,text,true,,139284,196,170,170,55,0,1
1503756326749,1388,HTTP Request,200,,Thread Group 1-113,text,true,,139284,196,169,169,1202,0,2
1503756326690,1449,HTTP Request,200,,Thread Group 1-75,text,true,,139284,196,168,168,1298,0,1
1503756326761,1379,HTTP Request,200,,Thread Group 1-125,text,true,,139284,196,167,167,1143,0,1
1503756328080,63,HTTP Request,200,,Thread Group 1-529,text,true,,139284,196,166,166,61,0,1
1503756326757,1388,HTTP Request,200,,Thread Group 1-121,text,true,,139284,196,165,165,1206,0,1
1503756326640,1506,HTTP Request,200,,Thread Group 1-32,text,true,,139284,196,164,164,1322,0,1
1503756326703,1443,HTTP Request,200,,Thread Group 1-87,text,true,,139284,196,164,164,1324,0,1
1503756326680,1479,HTTP Request,200,,Thread Group 1-38,text,true,,139284,196,169,169,1274,0,1
1503756326881,1279,HTTP Request,200,,Thread Group 1-193,text,true,,139284,196,169,169,105,0,1
1503756326674,1494,HTTP Request,200,,Thread Group 1-42,text,true,,139284,196,181,181,1307,0,1
1503756327991,264,HTTP Request,200,,Thread Group 1-538,text,true,,139284,196,194,194,143,0,2
1503756328050,206,HTTP Request,200,,Thread Group 1-530,text,true,,139284,196,193,193,85,0,1
1503756327977,280,HTTP Request,200,,Thread Group 1-551,text,true,,139284,196,192,192,143,0,1
1503756328078,179,HTTP Request,200,,Thread Group 1-526,text,true,,139284,196,191,191,73,0,3
1503756328080,178,HTTP Request,200,,Thread Group 1-522,text,true,,139284,196,190,190,72,0,1
1503756326765,1495,HTTP Request,200,,Thread Group 1-116,text,true,,139284,196,189,189,1138,0,1
1503756326623,1637,HTTP Request,200,,Thread Group 1-22,text,true,,139284,196,189,189,1539,0,1
1503756326665,1598,HTTP Request,200,,Thread Group 1-55,text,true,,139284,196,187,187,1506,0,1
1503756326602,1661,HTTP Request,200,,Thread Group 1-9,text,true,,139284,196,187,187,1373,0,29
1503756326720,1544,HTTP Request,200,,Thread Group 1-80,text,true,,139284,196,185,185,1448,0,1
1503756326728,1539,HTTP Request,200,,Thread Group 1-92,text,true,,139284,196,184,184,1439,0,1
1503756326629,1640,HTTP Request,200,,Thread Group 1-27,text,true,,139284,196,183,183,1543,0,1
1503756326683,1587,HTTP Request,200,,Thread Group 1-41,text,true,,139284,196,182,182,1307,0,1
1503756326806,1464,HTTP Request,200,,Thread Group 1-148,text,true,,139284,196,181,181,1360,0,1
1503756326606,1666,HTTP Request,200,,Thread Group 1-12,text,true,,139284,196,180,180,1556,0,22
1503756326680,1593,HTTP Request,200,,Thread Group 1-67,text,true,,139284,196,179,179,1311,0,1
1503756326768,1507,HTTP Request,200,,Thread Group 1-134,text,true,,139284,196,178,178,1397,0,1
1503756326672,1603,HTTP Request,200,,Thread Group 1-58,text,true,,139284,196,177,177,1316,0,1
1503756326750,1526,HTTP Request,200,,Thread Group 1-108,text,true,,139284,196,176,176,1419,0,1
1503756326714,1562,HTTP Request,200,,Thread Group 1-95,text,true,,139284,196,176,176,1201,0,1
1503756326701,1577,HTTP Request,200,,Thread Group 1-85,text,true,,139284,196,175,175,1551,0,1
1503756326596,1684,HTTP Request,200,,Thread Group 1-3,text,true,,139284,196,177,177,1310,0,36
1503756326708,1572,HTTP Request,200,,Thread Group 1-90,text,true,,139284,196,177,177,1244,0,1
1503756326679,1602,HTTP Request,200,,Thread Group 1-62,text,true,,139284,196,175,175,1274,0,1
1503756326593,1689,HTTP Request,200,,Thread Group 1-1,text,true,,139284,196,173,173,1313,0,30
1503756327985,298,HTTP Request,200,,Thread Group 1-545,text,true,,139284,196,175,175,297,0,1
1503756326696,1589,HTTP Request,200,,Thread Group 1-81,text,true,,139284,196,174,174,1296,0,1
1503756327969,319,HTTP Request,200,,Thread Group 1-555,text,true,,139284,196,175,175,104,0,1
1503756328279,13,HTTP Request,200,,Thread Group 1-484,text,true,,139284,196,174,174,10,0,0
1503756326663,1630,HTTP Request,200,,Thread Group 1-53,text,true,,139284,196,173,173,1615,0,1
1503756327981,312,HTTP Request,200,,Thread Group 1-550,text,true,,139284,196,173,173,179,0,2
1503756328169,139,HTTP Request,200,,Thread Group 1-506,text,true,,139284,196,189,189,131,0,1
1503756328303,7,HTTP Request,200,,Thread Group 1-471,text,true,,139284,196,188,188,6,0,1
1503756326785,1581,HTTP Request,200,,Thread Group 1-146,text,true,,139284,196,250,250,157,0,1
1503756326754,1620,HTTP Request,200,,Thread Group 1-122,text,true,,139284,196,272,272,281,0,1
1503756326908,1476,HTTP Request,200,,Thread Group 1-213,text,true,,139284,196,307,307,149,0,1
1503756326912,1482,HTTP Request,200,,Thread Group 1-158,text,true,,139284,196,337,337,91,0,1
1503756326661,1741,HTTP Request,200,,Thread Group 1-52,text,true,,139284,196,351,351,1328,0,1
1503756326640,1762,HTTP Request,200,,Thread Group 1-35,text,true,,139284,196,351,351,1347,0,1
1503756326692,1710,HTTP Request,200,,Thread Group 1-77,text,true,,139284,196,351,351,1259,0,1
1503756326674,1729,HTTP Request,200,,Thread Group 1-63,text,true,,139284,196,350,350,1308,0,1
1503756326618,1785,HTTP Request,200,,Thread Group 1-18,text,true,,139284,196,349,349,1357,0,5
1503756326642,1761,HTTP Request,200,,Thread Group 1-36,text,true,,139284,196,349,349,1270,0,16
1503756326618,1785,HTTP Request,200,,Thread Group 1-17,text,true,,139284,196,347,347,1365,0,6
1503756326726,1678,HTTP Request,200,,Thread Group 1-104,text,true,,139284,196,346,346,1435,0,1
1503756326603,1801,HTTP Request,200,,Thread Group 1-10,text,true,,139284,196,345,345,1303,0,27
1503756326718,1686,HTTP Request,200,,Thread Group 1-44,text,true,,139284,196,345,345,1440,0,0
1503756326960,1445,HTTP Request,200,,Thread Group 1-198,text,true,,139284,196,343,343,1118,0,1
1503756327982,423,HTTP Request,200,,Thread Group 1-547,text,true,,139284,196,343,343,92,0,1
1503756326748,1658,HTTP Request,200,,Thread Group 1-118,text,true,,139284,196,341,341,1424,0,1
1503756326734,1672,HTTP Request,200,,Thread Group 1-110,text,true,,139284,196,341,341,1429,0,1
1503756326813,1594,HTTP Request,200,,Thread Group 1-155,text,true,,139284,196,340,340,1349,0,1
1503756326714,1694,HTTP Request,200,,Thread Group 1-46,text,true,,139284,196,336,336,1456,0,0
1503756326709,1699,HTTP Request,200,,Thread Group 1-91,text,true,,139284,196,336,336,1332,0,1
1503756326731,1678,HTTP Request,200,,Thread Group 1-107,text,true,,139284,196,337,337,1435,0,1
1503756326720,1690,HTTP Request,200,,Thread Group 1-101,text,true,,139284,196,336,336,1434,0,2
1503756326891,1519,HTTP Request,200,,Thread Group 1-201,text,true,,139284,196,333,333,1284,0,1
1503756326695,1716,HTTP Request,200,,Thread Group 1-79,text,true,,139284,196,333,333,1382,0,1
1503756326871,1540,HTTP Request,200,,Thread Group 1-171,text,true,,139284,196,331,331,1301,0,1
1503756328080,332,HTTP Request,200,,Thread Group 1-523,text,true,,139284,196,331,331,59,0,0
1503756326716,1696,HTTP Request,200,,Thread Group 1-97,text,true,,139284,196,329,329,1438,0,1
1503756328078,334,HTTP Request,200,,Thread Group 1-527,text,true,,139284,196,328,328,60,0,2
1503756326953,1460,HTTP Request,200,,Thread Group 1-194,text,true,,139284,196,328,328,1204,0,1
1503756328074,339,HTTP Request,200,,Thread Group 1-531,text,true,,139284,196,326,326,54,0,3
1503756326791,1623,HTTP Request,200,,Thread Group 1-150,text,true,,139284,196,325,325,1379,0,1
1503756326719,1695,HTTP Request,200,,Thread Group 1-76,text,true,,139284,196,324,324,1447,0,1
1503756326861,1553,HTTP Request,200,,Thread Group 1-159,text,true,,139284,196,324,324,1311,0,1
1503756326810,1605,HTTP Request,200,,Thread Group 1-153,text,true,,139284,196,323,323,1364,0,1
1503756327993,423,HTTP Request,200,,Thread Group 1-534,text,true,,139284,196,323,323,141,0,1
1503756326723,1693,HTTP Request,200,,Thread Group 1-103,text,true,,139284,196,321,321,1438,0,1
1503756326732,1685,HTTP Request,200,,Thread Group 1-106,text,true,,139284,196,321,321,1353,0,4
1503756327988,429,HTTP Request,200,,Thread Group 1-543,text,true,,139284,196,319,319,90,0,0
1503756327982,436,HTTP Request,200,,Thread Group 1-546,text,true,,139284,196,319,319,151,0,1
1503756326773,1647,HTTP Request,200,,Thread Group 1-138,text,true,,139284,196,317,317,1395,0,1
1503756326725,1696,HTTP Request,200,,Thread Group 1-105,text,true,,139284,196,316,316,1445,0,1
1503756326926,1498,HTTP Request,200,,Thread Group 1-196,text,true,,139284,196,316,316,1041,0,1
1503756327901,523,HTTP Request,200,,Thread Group 1-571,text,true,,139284,196,316,316,141,0,2
1503756326599,1826,HTTP Request,200,,Thread Group 1-4,text,true,,139284,196,314,314,1364,0,33
1503756326958,1468,HTTP Request,200,,Thread Group 1-208,text,true,,139284,196,313,313,1120,0,1
1503756326742,1685,HTTP Request,200,,Thread Group 1-114,text,true,,139284,196,312,312,1240,0,1
1503756326682,1746,HTTP Request,200,,Thread Group 1-69,text,true,,139284,196,311,311,1295,0,1
1503756326600,1828,HTTP Request,200,,Thread Group 1-5,text,true,,139284,196,311,311,1305,0,31
1503756326678,1750,HTTP Request,200,,Thread Group 1-66,text,true,,139284,196,311,311,1299,0,1
1503756326621,1808,HTTP Request,200,,Thread Group 1-19,text,true,,139284,196,308,308,1284,0,2
1503756326660,1769,HTTP Request,200,,Thread Group 1-51,text,true,,139284,196,308,308,1253,0,1
1503756326722,1708,HTTP Request,200,,Thread Group 1-102,text,true,,139284,196,306,306,1196,0,1
1503756327913,517,HTTP Request,200,,Thread Group 1-617,text,true,,139284,196,305,305,126,0,1
1503756327900,531,HTTP Request,200,,Thread Group 1-575,text,true,,139284,196,305,305,141,0,1
1503756326767,1665,HTTP Request,200,,Thread Group 1-130,text,true,,139284,196,304,304,1312,0,1
1503756326713,1720,HTTP Request,200,,Thread Group 1-43,text,true,,139284,196,303,303,1360,0,1
1503756327967,466,HTTP Request,200,,Thread Group 1-565,text,true,,139284,196,303,303,155,0,1
1503756326714,1719,HTTP Request,200,,Thread Group 1-49,text,true,,139284,196,303,303,1359,0,1
1503756326615,1820,HTTP Request,200,,Thread Group 1-15,text,true,,139284,196,300,300,1296,0,9
1503756326699,1736,HTTP Request,200,,Thread Group 1-83,text,true,,139284,196,300,300,1203,0,1
1503756327902,533,HTTP Request,200,,Thread Group 1-567,text,true,,139284,196,298,298,196,0,0
1503756326845,1592,HTTP Request,200,,Thread Group 1-164,text,true,,139284,196,298,298,924,0,1
1503756327019,1419,HTTP Request,200,,Thread Group 1-239,text,true,,139284,196,298,298,752,0,1
1503756326838,1600,HTTP Request,200,,Thread Group 1-160,text,true,,139284,196,296,296,933,0,1
1503756326802,1636,HTTP Request,200,,Thread Group 1-144,text,true,,139284,196,296,296,968,0,1
1503756327006,1433,HTTP Request,200,,Thread Group 1-224,text,true,,139284,196,295,295,741,0,1
1503756326795,1644,HTTP Request,200,,Thread Group 1-136,text,true,,139284,196,294,294,973,0,0
1503756326830,1610,HTTP Request,200,,Thread Group 1-156,text,true,,139284,196,293,293,941,0,1
1503756326841,1600,HTTP Request,200,,Thread Group 1-154,text,true,,139284,196,291,291,928,0,1
1503756326782,1659,HTTP Request,200,,Thread Group 1-143,text,true,,139284,196,291,291,990,0,1
1503756327035,1544,HTTP Request,200,,Thread Group 1-251,text,true,,139284,196,336,336,1401,0,1
1503756326760,1819,HTTP Request,200,,Thread Group 1-123,text,true,,139284,196,336,336,170,0,1
1503756327030,1551,HTTP Request,200,,Thread Group 1-244,text,true,,139284,196,336,336,1409,0,1
1503756327028,1553,HTTP Request,200,,Thread Group 1-245,text,true,,139284,196,336,336,1413,0,1
1503756326789,1792,HTTP Request,200,,Thread Group 1-149,text,true,,139284,196,336,336,1647,0,1
1503756326756,1826,HTTP Request,200,,Thread Group 1-119,text,true,,139284,196,336,336,348,0,1
1503756327039,1544,HTTP Request,200,,Thread Group 1-252,text,true,,139284,196,336,336,1397,0,0
1503756326717,1868,HTTP Request,200,,Thread Group 1-84,text,true,,139284,196,336,336,1459,0,4
1503756326892,1694,HTTP Request,200,,Thread Group 1-176,text,true,,139284,196,336,336,1444,0,1
1503756326886,1701,HTTP Request,200,,Thread Group 1-197,text,true,,139284,196,336,336,1481,0,1
1503756327015,1574,HTTP Request,200,,Thread Group 1-233,text,true,,139284,196,336,336,1421,0,0
1503756326942,1648,HTTP Request,200,,Thread Group 1-185,text,true,,139284,196,336,336,1445,0,1
1503756327026,1565,HTTP Request,200,,Thread Group 1-240,text,true,,139284,196,336,336,1414,0,1
1503756326706,1887,HTTP Request,200,,Thread Group 1-89,text,true,,139284,196,336,336,1628,0,1
1503756326798,1798,HTTP Request,200,,Thread Group 1-140,text,true,,139284,196,336,336,1638,0,1
1503756326677,1919,HTTP Request,200,,Thread Group 1-65,text,true,,139284,196,336,336,1499,0,0
1503756326769,1831,HTTP Request,200,,Thread Group 1-133,text,true,,139284,196,336,336,1596,0,1
1503756326752,1851,HTTP Request,200,,Thread Group 1-112,text,true,,139284,196,336,336,1622,0,1
1503756326947,1660,HTTP Request,200,,Thread Group 1-204,text,true,,139284,196,336,336,1432,0,1
1503756326752,1855,HTTP Request,200,,Thread Group 1-115,text,true,,139284,196,336,336,1632,0,1
1503756327023,1585,HTTP Request,200,,Thread Group 1-243,text,true,,139284,196,336,336,1413,0,1
1503756326670,1940,HTTP Request,200,,Thread Group 1-60,text,true,,139284,196,336,336,1713,0,1
1503756327028,1584,HTTP Request,200,,Thread Group 1-247,text,true,,139284,196,336,336,1412,0,1
1503756326943,1670,HTTP Request,200,,Thread Group 1-186,text,true,,139284,196,336,336,1443,0,1
1503756326717,1897,HTTP Request,200,,Thread Group 1-98,text,true,,139284,196,336,336,1659,0,1
1503756326904,1711,HTTP Request,200,,Thread Group 1-203,text,true,,139284,196,336,336,1467,0,1
1503756327033,1582,HTTP Request,200,,Thread Group 1-250,text,true,,139284,196,336,336,1409,0,1
1503756327968,648,HTTP Request,200,,Thread Group 1-559,text,true,,139284,196,336,336,131,0,0
1503756326748,1870,HTTP Request,200,,Thread Group 1-111,text,true,,139284,196,336,336,1645,0,1
1503756326892,1728,HTTP Request,200,,Thread Group 1-191,text,true,,139284,196,336,336,192,0,1
1503756326677,1945,HTTP Request,200,,Thread Group 1-64,text,true,,139284,196,336,336,1635,0,0
1503756328307,317,HTTP Request,200,,Thread Group 1-463,text,true,,139284,196,336,336,315,0,0
1503756327034,1591,HTTP Request,200,,Thread Group 1-248,text,true,,139284,196,336,336,1403,0,1
1503756327034,1592,HTTP Request,200,,Thread Group 1-249,text,true,,139284,196,336,336,1407,0,1
1503756327027,1603,HTTP Request,200,,Thread Group 1-246,text,true,,139284,196,336,336,1415,0,1
1503756326754,1878,HTTP Request,200,,Thread Group 1-47,text,true,,139284,196,336,336,1642,0,1
1503756328027,605,HTTP Request,200,,Thread Group 1-532,text,true,,139284,196,336,336,267,0,0
1503756326849,1784,HTTP Request,200,,Thread Group 1-168,text,true,,139284,196,336,336,1538,0,1
1503756326939,1695,HTTP Request,200,,Thread Group 1-182,text,true,,139284,196,336,336,140,0,1
1503756327989,646,HTTP Request,200,,Thread Group 1-542,text,true,,139284,196,336,336,443,0,1
1503756326948,1688,HTTP Request,200,,Thread Group 1-190,text,true,,139284,196,336,336,1421,0,1
1503756326689,1949,HTTP Request,200,,Thread Group 1-74,text,true,,139284,196,336,336,237,0,1
1503756328306,334,HTTP Request,200,,Thread Group 1-462,text,true,,139284,196,336,336,271,0,2
1503756328163,479,HTTP Request,200,,Thread Group 1-504,text,true,,139284,196,336,336,147,0,1
1503756326764,1880,HTTP Request,200,,Thread Group 1-127,text,true,,139284,196,336,336,316,0,1
1503756326759,1887,HTTP Request,200,,Thread Group 1-126,text,true,,139284,196,338,338,345,0,1
1503756328161,485,HTTP Request,200,,Thread Group 1-515,text,true,,139284,196,338,338,484,0,1
1503756326781,1867,HTTP Request,200,,Thread Group 1-141,text,true,,139284,196,339,339,1524,0,1
1503756328158,493,HTTP Request,200,,Thread Group 1-521,text,true,,139284,196,340,340,492,0,0
1503756328162,490,HTTP Request,200,,Thread Group 1-508,text,true,,139284,196,340,340,488,0,1
1503756328364,384,HTTP Request,200,,Thread Group 1-412,text,true,,139284,196,342,342,381,0,0
1503756328375,375,HTTP Request,200,,Thread Group 1-376,text,true,,139284,196,342,342,373,0,1
1503756328174,576,HTTP Request,200,,Thread Group 1-492,text,true,,139284,196,342,342,573,0,1
1503756328369,383,HTTP Request,200,,Thread Group 1-395,text,true,,139284,196,342,342,381,0,1
1503756328376,378,HTTP Request,200,,Thread Group 1-373,text,true,,139284,196,342,342,376,0,3
1503756328364,391,HTTP Request,200,,Thread Group 1-408,text,true,,139284,196,343,343,389,0,1
1503756328339,417,HTTP Request,200,,Thread Group 1-429,text,true,,139284,196,342,342,414,0,0
1503756328363,396,HTTP Request,200,,Thread Group 1-404,text,true,,139284,196,343,343,378,0,0
1503756328317,443,HTTP Request,200,,Thread Group 1-446,text,true,,139284,196,343,343,430,0,1
1503756328342,424,HTTP Request,200,,Thread Group 1-424,text,true,,139284,196,342,342,423,0,0
1503756328315,454,HTTP Request,200,,Thread Group 1-453,text,true,,139284,196,343,343,450,0,1
1503756326601,2168,HTTP Request,200,,Thread Group 1-7,text,true,,139284,196,343,343,1685,0,30
1503756328362,409,HTTP Request,200,,Thread Group 1-417,text,true,,139284,196,342,342,400,0,1
1503756328337,436,HTTP Request,200,,Thread Group 1-433,text,true,,139284,196,342,342,427,0,1
1503756328284,492,HTTP Request,200,,Thread Group 1-482,text,true,,139284,196,344,344,13,0,0
1503756328252,525,HTTP Request,200,,Thread Group 1-489,text,true,,139284,196,344,344,35,0,1
1503756328175,604,HTTP Request,200,,Thread Group 1-497,text,true,,139284,196,343,343,603,0,1
1503756328360,421,HTTP Request,200,,Thread Group 1-416,text,true,,139284,196,343,343,419,0,1
1503756328378,404,HTTP Request,200,,Thread Group 1-368,text,true,,139284,196,342,342,402,0,1
1503756328314,469,HTTP Request,200,,Thread Group 1-454,text,true,,139284,196,341,341,445,0,1
1503756328171,614,HTTP Request,200,,Thread Group 1-499,text,true,,139284,196,341,341,612,0,1
1503756328360,427,HTTP Request,200,,Thread Group 1-574,text,true,,139284,196,340,340,387,0,2
1503756328365,423,HTTP Request,200,,Thread Group 1-414,text,true,,139284,196,339,339,391,0,1
1503756328341,448,HTTP Request,200,,Thread Group 1-425,text,true,,139284,196,338,338,446,0,1
1503756328340,450,HTTP Request,200,,Thread Group 1-427,text,true,,139284,196,337,337,403,0,0
1503756328375,419,HTTP Request,200,,Thread Group 1-375,text,true,,139284,196,336,336,416,0,1
1503756328368,428,HTTP Request,200,,Thread Group 1-401,text,true,,139284,196,335,335,425,0,1
1503756328334,464,HTTP Request,200,,Thread Group 1-444,text,true,,139284,196,334,334,461,0,1
1503756328367,433,HTTP Request,200,,Thread Group 1-400,text,true,,139284,196,333,333,422,0,0
1503756328303,504,HTTP Request,200,,Thread Group 1-473,text,true,,139284,196,332,332,502,0,1
1503756328376,433,HTTP Request,200,,Thread Group 1-374,text,true,,139284,196,331,331,425,0,1
1503756328279,530,HTTP Request,200,,Thread Group 1-486,text,true,,139284,196,330,330,512,0,13
1503756327992,818,HTTP Request,200,,Thread Group 1-539,text,true,,139284,196,330,330,82,0,1
1503756328375,422,HTTP Request,200,,Thread Group 1-379,text,true,,139284,196,328,328,419,0,1
1503756328167,643,HTTP Request,200,,Thread Group 1-505,text,true,,139284,196,328,328,641,0,0
1503756328313,500,HTTP Request,200,,Thread Group 1-459,text,true,,139284,196,328,328,498,0,0
1503756328171,643,HTTP Request,200,,Thread Group 1-498,text,true,,139284,196,328,328,641,0,1
1503756328169,645,HTTP Request,200,,Thread Group 1-501,text,true,,139284,196,328,328,639,0,1
1503756328303,513,HTTP Request,200,,Thread Group 1-472,text,true,,139284,196,326,326,512,0,1
1503756328371,445,HTTP Request,200,,Thread Group 1-393,text,true,,139284,196,326,326,443,0,1
1503756328374,443,HTTP Request,200,,Thread Group 1-380,text,true,,139284,196,325,325,426,0,1
1503756328162,657,HTTP Request,200,,Thread Group 1-513,text,true,,139284,196,324,324,653,0,1
1503756328306,514,HTTP Request,200,,Thread Group 1-467,text,true,,139284,196,323,323,512,0,0
1503756328378,442,HTTP Request,200,,Thread Group 1-370,text,true,,139284,196,323,323,439,0,0
1503756328371,452,HTTP Request,200,,Thread Group 1-390,text,true,,139284,196,322,322,447,0,1
1503756328158,666,HTTP Request,200,,Thread Group 1-519,text,true,,139284,196,322,322,664,0,0
1503756328176,650,HTTP Request,200,,Thread Group 1-488,text,true,,139284,196,321,321,646,0,76
1503756328335,496,HTTP Request,200,,Thread Group 1-441,text,true,,139284,196,321,321,495,0,1
1503756326764,2071,HTTP Request,200,,Thread Group 1-120,text,true,,139284,196,320,320,1514,0,1
1503756328316,522,HTTP Request,200,,Thread Group 1-449,text,true,,139284,196,319,319,520,0,1
1503756328368,471,HTTP Request,200,,Thread Group 1-397,text,true,,139284,196,318,318,469,0,1
1503756328153,690,HTTP Request,200,,Thread Group 1-518,text,true,,139284,196,317,317,651,0,0
1503756328154,690,HTTP Request,200,,Thread Group 1-525,text,true,,139284,196,316,316,688,0,1
1503756328367,477,HTTP Request,200,,Thread Group 1-402,text,true,,139284,196,315,315,420,0,2
1503756328284,562,HTTP Request,200,,Thread Group 1-485,text,true,,139284,196,315,315,558,0,1
1503756328334,513,HTTP Request,200,,Thread Group 1-442,text,true,,139284,196,315,315,512,0,1
1503756328173,677,HTTP Request,200,,Thread Group 1-496,text,true,,139284,196,316,316,675,0,0
1503756328306,547,HTTP Request,200,,Thread Group 1-468,text,true,,139284,196,317,317,543,0,1
1503756326683,2170,HTTP Request,200,,Thread Group 1-70,text,true,,139284,196,316,316,1611,0,1
1503756328278,576,HTTP Request,200,,Thread Group 1-487,text,true,,139284,196,315,315,544,0,1
1503756328342,513,HTTP Request,200,,Thread Group 1-423,text,true,,139284,196,314,314,486,0,1
1503756328339,518,HTTP Request,200,,Thread Group 1-428,text,true,,139284,196,313,313,515,0,1
1503756328373,486,HTTP Request,200,,Thread Group 1-387,text,true,,139284,196,313,313,484,0,1
1503756328315,544,HTTP Request,200,,Thread Group 1-452,text,true,,139284,196,313,313,541,0,1
1503756328335,525,HTTP Request,200,,Thread Group 1-440,text,true,,139284,196,311,311,518,0,0
1503756328370,493,HTTP Request,200,,Thread Group 1-598,text,true,,139284,196,310,310,491,0,1
1503756328365,498,HTTP Request,200,,Thread Group 1-405,text,true,,139284,196,310,310,497,0,0
1503756328337,528,HTTP Request,200,,Thread Group 1-430,text,true,,139284,196,309,309,510,0,0
1503756328315,551,HTTP Request,200,,Thread Group 1-451,text,true,,139284,196,308,308,547,0,1
1503756328168,699,HTTP Request,200,,Thread Group 1-503,text,true,,139284,196,307,307,692,0,0
1503756328161,706,HTTP Request,200,,Thread Group 1-517,text,true,,139284,196,307,307,704,0,0
1503756326667,2201,HTTP Request,200,,Thread Group 1-57,text,true,,139284,196,306,306,1611,0,1
1503756328286,583,HTTP Request,200,,Thread Group 1-480,text,true,,139284,196,305,305,581,0,1
1503756328312,557,HTTP Request,200,,Thread Group 1-460,text,true,,139284,196,304,304,556,0,0
1503756328163,707,HTTP Request,200,,Thread Group 1-511,text,true,,139284,196,303,303,662,0,1
1503756328284,587,HTTP Request,200,,Thread Group 1-483,text,true,,139284,196,302,302,586,0,0
1503756328372,502,HTTP Request,200,,Thread Group 1-389,text,true,,139284,196,301,301,478,0,2
1503756328373,501,HTTP Request,200,,Thread Group 1-384,text,true,,139284,196,300,300,500,0,0
1503756328379,496,HTTP Request,200,,Thread Group 1-369,text,true,,139284,196,299,299,493,0,1
1503756328157,719,HTTP Request,200,,Thread Group 1-516,text,true,,139284,196,298,298,718,0,1
1503756328301,577,HTTP Request,200,,Thread Group 1-476,text,true,,139284,196,298,298,571,0,1
1503756328161,718,HTTP Request,200,,Thread Group 1-512,text,true,,139284,196,297,297,714,0,1
1503756328173,706,HTTP Request,200,,Thread Group 1-495,text,true,,139284,196,297,297,124,0,0
1503756328372,510,HTTP Request,200,,Thread Group 1-388,text,true,,139284,196,295,295,509,0,1
1503756328330,555,HTTP Request,200,,Thread Group 1-448,text,true,,139284,196,294,294,550,0,0
1503756328338,549,HTTP Request,200,,Thread Group 1-431,text,true,,139284,196,293,293,542,0,1
1503756328298,589,HTTP Request,200,,Thread Group 1-470,text,true,,139284,196,293,293,584,0,1
1503756328363,526,HTTP Request,200,,Thread Group 1-407,text,true,,139284,196,292,292,525,0,1
1503756328174,716,HTTP Request,200,,Thread Group 1-491,text,true,,139284,196,291,291,714,0,1
1503756328362,529,HTTP Request,200,,Thread Group 1-413,text,true,,139284,196,290,290,524,0,1
1503756328174,720,HTTP Request,200,,Thread Group 1-490,text,true,,139284,196,290,290,714,0,1
1503756328361,534,HTTP Request,200,,Thread Group 1-419,text,true,,139284,196,290,290,464,0,1
1503756328369,531,HTTP Request,200,,Thread Group 1-392,text,true,,139284,196,290,290,482,0,1
1503756328337,566,HTTP Request,200,,Thread Group 1-566,text,true,,139284,196,290,290,508,0,1
1503756328364,540,HTTP Request,200,,Thread Group 1-406,text,true,,139284,196,290,290,482,0,1
1503756328362,543,HTTP Request,200,,Thread Group 1-411,text,true,,139284,196,290,290,533,0,0
1503756328371,534,HTTP Request,200,,Thread Group 1-391,text,true,,139284,196,290,290,482,0,1
1503756328336,571,HTTP Request,200,,Thread Group 1-436,text,true,,139284,196,290,290,569,0,1
1503756328375,535,HTTP Request,200,,Thread Group 1-377,text,true,,139284,196,290,290,534,0,1
1503756328304,608,HTTP Request,200,,Thread Group 1-469,text,true,,139284,196,290,290,606,0,2
1503756328306,607,HTTP Request,200,,Thread Group 1-466,text,true,,139284,196,290,290,595,0,0
1503756328313,600,HTTP Request,200,,Thread Group 1-457,text,true,,139284,196,290,290,599,0,0
1503756328757,160,HTTP Request,200,,Thread Group 1-879,text,true,,139284,196,290,290,156,0,1
1503756328759,159,HTTP Request,200,,Thread Group 1-875,text,true,,139284,196,290,290,156,0,1
1503756328336,584,HTTP Request,200,,Thread Group 1-434,text,true,,139284,196,290,290,506,0,1
1503756328330,592,HTTP Request,200,,Thread Group 1-443,text,true,,139284,196,290,290,561,0,1
1503756328295,628,HTTP Request,200,,Thread Group 1-474,text,true,,139284,196,291,291,553,0,1
1503756328761,163,HTTP Request,200,,Thread Group 1-871,text,true,,139284,196,291,291,154,0,1
1503756328363,561,HTTP Request,200,,Thread Group 1-410,text,true,,139284,196,291,291,542,0,2
1503756328771,154,HTTP Request,200,,Thread Group 1-859,text,true,,139284,196,291,291,151,0,1
1503756328773,153,HTTP Request,200,,Thread Group 1-887,text,true,,139284,196,292,292,151,0,2
1503756328338,595,HTTP Request,200,,Thread Group 1-432,text,true,,139284,196,293,293,516,0,0
1503756328774,167,HTTP Request,200,,Thread Group 1-884,text,true,,139284,196,295,295,164,0,1
1503756328773,169,HTTP Request,200,,Thread Group 1-888,text,true,,139284,196,295,295,166,0,1
1503756328781,166,HTTP Request,200,,Thread Group 1-907,text,true,,139284,196,295,295,145,0,1
1503756328366,582,HTTP Request,200,,Thread Group 1-403,text,true,,139284,196,295,295,536,0,0
1503756328767,182,HTTP Request,200,,Thread Group 1-891,text,true,,139284,196,295,295,156,0,2
1503756328372,578,HTTP Request,200,,Thread Group 1-386,text,true,,139284,196,295,295,480,0,1
1503756328767,191,HTTP Request,200,,Thread Group 1-867,text,true,,139284,196,295,295,155,0,1
1503756328768,191,HTTP Request,200,,Thread Group 1-883,text,true,,139284,196,295,295,179,0,0
1503756328773,187,HTTP Request,200,,Thread Group 1-899,text,true,,139284,196,295,295,150,0,2
1503756328758,203,HTTP Request,200,,Thread Group 1-851,text,true,,139284,196,295,295,189,0,1
1503756328763,199,HTTP Request,200,,Thread Group 1-835,text,true,,139284,196,295,295,183,0,0
1503756328844,119,HTTP Request,200,,Thread Group 1-919,text,true,,139284,196,295,295,115,0,1
1503756328785,179,HTTP Request,200,,Thread Group 1-911,text,true,,139284,196,295,295,161,0,0
1503756328760,205,HTTP Request,200,,Thread Group 1-847,text,true,,139284,196,295,295,188,0,1
1503756328777,189,HTTP Request,200,,Thread Group 1-903,text,true,,139284,196,295,295,170,0,0
1503756328340,631,HTTP Request,200,,Thread Group 1-426,text,true,,139284,196,309,309,552,0,0
1503756328382,610,HTTP Request,200,,Thread Group 1-356,text,true,,139284,196,392,392,608,0,499
1503756328770,223,HTTP Request,200,,Thread Group 1-895,text,true,,139284,196,392,392,221,0,0
1503756328363,632,HTTP Request,200,,Thread Group 1-409,text,true,,139284,196,394,394,616,0,1
1503756328380,615,HTTP Request,200,,Thread Group 1-365,text,true,,139284,196,394,394,614,0,501
1503756328381,617,HTTP Request,200,,Thread Group 1-364,text,true,,139284,196,394,394,615,0,501
1503756328382,617,HTTP Request,200,,Thread Group 1-357,text,true,,139284,196,394,394,614,0,499
1503756328385,619,HTTP Request,200,,Thread Group 1-347,text,true,,139284,196,394,394,616,0,498
1503756328381,624,HTTP Request,200,,Thread Group 1-360,text,true,,139284,196,394,394,620,0,502
1503756328386,620,HTTP Request,200,,Thread Group 1-340,text,true,,139284,196,394,394,617,0,495
1503756328383,624,HTTP Request,200,,Thread Group 1-353,text,true,,139284,196,394,394,622,0,500
1503756328383,627,HTTP Request,200,,Thread Group 1-348,text,true,,139284,196,394,394,625,0,501
1503756328386,624,HTTP Request,200,,Thread Group 1-343,text,true,,139284,196,394,394,622,0,497
1503756328367,647,HTTP Request,200,,Thread Group 1-399,text,true,,139284,196,397,397,612,0,0
1503756328849,166,HTTP Request,200,,Thread Group 1-935,text,true,,139284,196,397,397,164,0,120
1503756328314,705,HTTP Request,200,,Thread Group 1-456,text,true,,139284,196,402,402,563,0,0
1503756328379,642,HTTP Request,200,,Thread Group 1-367,text,true,,139284,196,405,405,641,0,1
1503756328847,175,HTTP Request,200,,Thread Group 1-931,text,true,,139284,196,406,406,116,0,1
1503756328846,177,HTTP Request,200,,Thread Group 1-927,text,true,,139284,196,408,408,116,0,1
1503756328845,179,HTTP Request,200,,Thread Group 1-923,text,true,,139284,196,411,411,116,0,1
1503756328830,195,HTTP Request,200,,Thread Group 1-915,text,true,,139284,196,412,412,129,0,1
1503756328385,654,HTTP Request,200,,Thread Group 1-346,text,true,,139284,196,452,452,622,0,496
1503756328381,659,HTTP Request,200,,Thread Group 1-362,text,true,,139284,196,452,452,626,0,502
1503756328383,658,HTTP Request,200,,Thread Group 1-354,text,true,,139284,196,452,452,654,0,499
1503756328368,674,HTTP Request,200,,Thread Group 1-398,text,true,,139284,196,452,452,672,0,0
1503756328851,192,HTTP Request,200,,Thread Group 1-970,text,true,,139284,196,453,453,121,0,0
1503756328811,232,HTTP Request,200,,Thread Group 1-642,text,true,,139284,196,453,453,160,0,1
1503756328369,675,HTTP Request,200,,Thread Group 1-394,text,true,,139284,196,453,453,549,0,1
1503756328377,668,HTTP Request,200,,Thread Group 1-606,text,true,,139284,196,453,453,604,0,2
1503756328361,685,HTTP Request,200,,Thread Group 1-586,text,true,,139284,196,453,453,619,0,0
1503756328858,188,HTTP Request,200,,Thread Group 1-766,text,true,,139284,196,454,454,114,0,1
1503756328877,170,HTTP Request,200,,Thread Group 1-966,text,true,,139284,196,454,454,96,0,1
1503756328755,294,HTTP Request,200,,Thread Group 1-842,text,true,,139284,196,454,454,218,0,34
1503756328378,673,HTTP Request,200,,Thread Group 1-372,text,true,,139284,196,456,456,671,0,1
1503756328314,737,HTTP Request,200,,Thread Group 1-455,text,true,,139284,196,456,456,654,0,0
1503756328390,665,HTTP Request,200,,Thread Group 1-622,text,true,,139284,196,458,458,662,0,595
1503756328316,740,HTTP Request,200,,Thread Group 1-450,text,true,,139284,196,458,458,733,0,1
1503756328368,695,HTTP Request,200,,Thread Group 1-396,text,true,,139284,196,476,476,693,0,0
1503756328375,688,HTTP Request,200,,Thread Group 1-378,text,true,,139284,196,476,476,686,0,0
1503756328313,751,HTTP Request,200,,Thread Group 1-458,text,true,,139284,196,476,476,749,0,0
1503756327976,1089,HTTP Request,200,,Thread Group 1-553,text,true,,139284,196,478,478,88,0,1
1503756328337,737,HTTP Request,200,,Thread Group 1-435,text,true,,139284,196,483,483,734,0,0
1503756328373,702,HTTP Request,200,,Thread Group 1-383,text,true,,139284,196,483,483,696,0,0
1503756328330,748,HTTP Request,200,,Thread Group 1-447,text,true,,139284,196,484,484,743,0,0
1503756328376,702,HTTP Request,200,,Thread Group 1-381,text,true,,139284,196,484,484,689,0,1
1503756328336,743,HTTP Request,200,,Thread Group 1-437,text,true,,139284,196,484,484,734,0,1
1503756328374,708,HTTP Request,200,,Thread Group 1-382,text,true,,139284,196,485,485,695,0,2
1503756328334,750,HTTP Request,200,,Thread Group 1-439,text,true,,139284,196,485,485,739,0,1
1503756328370,715,HTTP Request,200,,Thread Group 1-594,text,true,,139284,196,485,485,703,0,1
1503756328341,747,HTTP Request,200,,Thread Group 1-422,text,true,,139284,196,489,489,732,0,0
1503756328171,919,HTTP Request,200,,Thread Group 1-500,text,true,,139284,196,491,491,128,0,1
1503756328378,713,HTTP Request,200,,Thread Group 1-371,text,true,,139284,196,491,491,710,0,0
1503756328173,918,HTTP Request,200,,Thread Group 1-494,text,true,,139284,196,491,491,914,0,0
1503756326626,2468,HTTP Request,200,,Thread Group 1-21,text,true,,139284,196,497,497,1351,0,1
1503756327980,1115,HTTP Request,200,,Thread Group 1-554,text,true,,139284,196,498,498,103,0,1
1503756326729,2370,HTTP Request,200,,Thread Group 1-96,text,true,,139284,196,502,502,1575,0,1
1503756328303,797,HTTP Request,200,,Thread Group 1-475,text,true,,139284,196,502,502,794,0,1
1503756328305,796,HTTP Request,200,,Thread Group 1-464,text,true,,139284,196,504,504,792,0,1
1503756328305,798,HTTP Request,200,,Thread Group 1-465,text,true,,139284,196,505,505,795,0,1
1503756328360,746,HTTP Request,200,,Thread Group 1-420,text,true,,139284,196,495,495,705,0,1
1503756328286,823,HTTP Request,200,,Thread Group 1-481,text,true,,139284,196,484,484,13,0,2
1503756328372,738,HTTP Request,200,,Thread Group 1-385,text,true,,139284,196,484,484,716,0,1
1503756328331,780,HTTP Request,200,,Thread Group 1-445,text,true,,139284,196,484,484,761,0,1
1503756327952,1161,HTTP Request,200,,Thread Group 1-585,text,true,,139284,196,484,484,1141,0,1
1503756328361,754,HTTP Request,200,,Thread Group 1-421,text,true,,139284,196,485,485,736,0,1
1503756328360,755,HTTP Request,200,,Thread Group 1-415,text,true,,139284,196,485,485,705,0,1
1503756328366,751,HTTP Request,200,,Thread Group 1-418,text,true,,139284,196,486,486,720,0,1
1503756328336,783,HTTP Request,200,,Thread Group 1-438,text,true,,139284,196,487,487,758,0,0
1503756328382,813,HTTP Request,200,,Thread Group 1-359,text,true,,139284,196,477,477,811,0,511
1503756328386,812,HTTP Request,200,,Thread Group 1-336,text,true,,139284,196,477,477,811,0,507
1503756328981,219,HTTP Request,200,,Thread Group 1-960,text,true,,139284,196,476,476,210,0,7
1503756326713,2490,HTTP Request,200,,Thread Group 1-40,text,true,,139284,196,475,475,1587,0,0
1503756326716,2487,HTTP Request,200,,Thread Group 1-48,text,true,,139284,196,474,474,1589,0,1
1503756326780,2428,HTTP Request,200,,Thread Group 1-142,text,true,,139284,196,478,478,1498,0,0
1503756326768,2441,HTTP Request,200,,Thread Group 1-131,text,true,,139284,196,481,481,1537,0,1
1503756328176,1038,HTTP Request,200,,Thread Group 1-493,text,true,,139284,196,483,483,1036,0,765
1503756328384,832,HTTP Request,200,,Thread Group 1-344,text,true,,139284,196,484,484,831,0,508
1503756328391,828,HTTP Request,200,,Thread Group 1-316,text,true,,139284,196,483,483,826,0,502
1503756328393,827,HTTP Request,200,,Thread Group 1-296,text,true,,139284,196,482,482,824,0,508
1503756328982,241,HTTP Request,200,,Thread Group 1-983,text,true,,139284,196,481,481,238,0,6
1503756328968,258,HTTP Request,200,,Thread Group 1-783,text,true,,139284,196,480,480,255,0,21
1503756328398,830,HTTP Request,200,,Thread Group 1-315,text,true,,139284,196,479,479,827,0,506
1503756328154,1078,HTTP Request,200,,Thread Group 1-520,text,true,,139284,196,478,478,1050,0,1
1503756328381,852,HTTP Request,200,,Thread Group 1-363,text,true,,139284,196,477,477,849,0,513
1503756328978,259,HTTP Request,200,,Thread Group 1-819,text,true,,139284,196,476,476,256,0,11
1503756328969,269,HTTP Request,200,,Thread Group 1-827,text,true,,139284,196,475,475,266,0,20
1503756328391,850,HTTP Request,200,,Thread Group 1-320,text,true,,139284,196,474,474,849,0,511
1503756328392,850,HTTP Request,200,,Thread Group 1-312,text,true,,139284,196,473,473,846,0,501
1503756328166,1079,HTTP Request,200,,Thread Group 1-509,text,true,,139284,196,472,472,134,0,2
1503756328979,266,HTTP Request,200,,Thread Group 1-980,text,true,,139284,196,471,471,265,0,10
1503756328169,1079,HTTP Request,200,,Thread Group 1-502,text,true,,139284,196,470,470,131,0,0
1503756328166,1082,HTTP Request,200,,Thread Group 1-507,text,true,,139284,196,470,470,1038,0,1
1503756328156,1093,HTTP Request,200,,Thread Group 1-514,text,true,,139284,196,469,469,1054,0,1
1503756328437,814,HTTP Request,200,,Thread Group 1-670,text,true,,139284,196,468,468,764,0,614
1503756328978,274,HTTP Request,200,,Thread Group 1-988,text,true,,139284,196,467,467,271,0,12
1503756328852,401,HTTP Request,200,,Thread Group 1-978,text,true,,139284,196,466,466,351,0,69
1503756328977,276,HTTP Request,200,,Thread Group 1-972,text,true,,139284,196,466,466,273,0,13
1503756328160,1095,HTTP Request,200,,Thread Group 1-510,text,true,,139284,196,465,465,1049,0,0
1503756328973,283,HTTP Request,200,,Thread Group 1-880,text,true,,139284,196,464,464,281,0,18
1503756328979,279,HTTP Request,200,,Thread Group 1-854,text,true,,139284,196,463,463,273,0,10
1503756328985,274,HTTP Request,200,,Thread Group 1-584,text,true,,139284,196,462,462,272,0,6
1503756328493,766,HTTP Request,200,,Thread Group 1-714,text,true,,139284,196,462,462,764,0,499
1503756328501,760,HTTP Request,200,,Thread Group 1-694,text,true,,139284,196,460,460,759,0,555
1503756328397,870,HTTP Request,200,,Thread Group 1-318,text,true,,139284,196,474,474,804,0,506
1503756328984,283,HTTP Request,200,,Thread Group 1-568,text,true,,139284,196,474,474,281,0,8
1503756328984,286,HTTP Request,200,,Thread Group 1-544,text,true,,139284,196,479,479,284,0,8
1503756328296,975,HTTP Request,200,,Thread Group 1-478,text,true,,139284,196,478,478,5,0,1
1503756328496,776,HTTP Request,200,,Thread Group 1-710,text,true,,139284,196,477,477,773,0,560
1503756328986,288,HTTP Request,200,,Thread Group 1-627,text,true,,139284,196,477,477,286,0,5
1503756328503,772,HTTP Request,200,,Thread Group 1-730,text,true,,139284,196,475,475,770,0,539
1503756328973,303,HTTP Request,200,,Thread Group 1-920,text,true,,139284,196,475,475,301,0,17
1503756328301,978,HTTP Request,200,,Thread Group 1-479,text,true,,139284,196,476,476,906,0,0
1503756328652,627,HTTP Request,200,,Thread Group 1-834,text,true,,139284,196,476,476,625,0,551
1503756328652,628,HTTP Request,200,,Thread Group 1-830,text,true,,139284,196,474,474,626,0,552
1503756328302,981,HTTP Request,200,,Thread Group 1-477,text,true,,139284,196,475,475,7,0,0
1503756328653,630,HTTP Request,200,,Thread Group 1-634,text,true,,139284,196,475,475,629,0,552
1503756328936,348,HTTP Request,200,,Thread Group 1-729,text,true,,139284,196,475,475,324,0,84
1503756328648,636,HTTP Request,200,,Thread Group 1-626,text,true,,139284,196,475,475,634,0,557
1503756329194,92,HTTP Request,200,,Thread Group 1-796,text,true,,139284,196,473,473,91,0,1
1503756329192,95,HTTP Request,200,,Thread Group 1-788,text,true,,139284,196,473,473,93,0,1
1503756328973,318,HTTP Request,200,,Thread Group 1-924,text,true,,139284,196,476,476,303,0,18
1503756328977,318,HTTP Request,200,,Thread Group 1-984,text,true,,139284,196,475,475,313,0,11
1503756329196,101,HTTP Request,200,,Thread Group 1-808,text,true,,139284,196,474,474,100,0,1
1503756329195,105,HTTP Request,200,,Thread Group 1-800,text,true,,139284,196,473,473,101,0,1
1503756329198,103,HTTP Request,200,,Thread Group 1-812,text,true,,139284,196,472,472,100,0,2
1503756329201,100,HTTP Request,200,,Thread Group 1-855,text,true,,139284,196,472,472,97,0,0
1503756328977,326,HTTP Request,200,,Thread Group 1-870,text,true,,139284,196,470,470,278,0,13
1503756329201,103,HTTP Request,200,,Thread Group 1-849,text,true,,139284,196,470,470,101,0,1
1503756329202,102,HTTP Request,200,,Thread Group 1-820,text,true,,139284,196,468,468,100,0,0
1503756328983,321,HTTP Request,200,,Thread Group 1-878,text,true,,139284,196,468,468,269,0,5
1503756328576,730,HTTP Request,200,,Thread Group 1-810,text,true,,139284,196,466,466,716,0,627
1503756329204,104,HTTP Request,200,,Thread Group 1-863,text,true,,139284,196,465,465,102,0,1
1503756329201,108,HTTP Request,200,,Thread Group 1-816,text,true,,139284,196,464,464,101,0,0
1503756329205,104,HTTP Request,200,,Thread Group 1-852,text,true,,139284,196,463,463,102,0,1
1503756329203,107,HTTP Request,200,,Thread Group 1-853,text,true,,139284,196,462,462,104,0,0
1503756329205,108,HTTP Request,200,,Thread Group 1-861,text,true,,139284,196,461,461,106,0,3
1503756329206,107,HTTP Request,200,,Thread Group 1-848,text,true,,139284,196,461,461,105,0,1
1503756328386,928,HTTP Request,200,,Thread Group 1-345,text,true,,139284,196,459,459,904,0,507
1503756328645,670,HTTP Request,200,,Thread Group 1-826,text,true,,139284,196,458,458,636,0,559
1503756329212,104,HTTP Request,200,,Thread Group 1-832,text,true,,139284,196,457,457,102,0,0
1503756329208,110,HTTP Request,200,,Thread Group 1-890,text,true,,139284,196,456,456,108,0,3
1503756329262,57,HTTP Request,200,,Thread Group 1-678,text,true,,139284,196,455,455,54,0,1
1503756329264,56,HTTP Request,200,,Thread Group 1-909,text,true,,139284,196,454,454,55,0,0
1503756329263,57,HTTP Request,200,,Thread Group 1-882,text,true,,139284,196,454,454,56,0,1
1503756329263,59,HTTP Request,200,,Thread Group 1-901,text,true,,139284,196,452,452,55,0,0
1503756329264,59,HTTP Request,200,,Thread Group 1-913,text,true,,139284,196,451,451,58,0,1
1503756328981,345,HTTP Request,200,,Thread Group 1-952,text,true,,139284,196,450,450,309,0,7
1503756329265,63,HTTP Request,200,,Thread Group 1-869,text,true,,139284,196,449,449,61,0,1
1503756329268,61,HTTP Request,200,,Thread Group 1-925,text,true,,139284,196,448,448,59,0,1
1503756329270,62,HTTP Request,200,,Thread Group 1-674,text,true,,139284,196,447,447,59,0,0
1503756329214,120,HTTP Request,200,,Thread Group 1-824,text,true,,139284,196,446,446,103,0,1
1503756328449,887,HTTP Request,200,,Thread Group 1-682,text,true,,139284,196,445,445,875,0,603
1503756329274,63,HTTP Request,200,,Thread Group 1-881,text,true,,139284,196,444,444,60,0,1
1503756329266,74,HTTP Request,200,,Thread Group 1-749,text,true,,139284,196,443,443,58,0,1
1503756328980,360,HTTP Request,200,,Thread Group 1-964,text,true,,139284,196,443,443,309,0,9
1503756329285,59,HTTP Request,200,,Thread Group 1-658,text,true,,139284,196,441,441,57,0,1
1503756329287,59,HTTP Request,200,,Thread Group 1-953,text,true,,139284,196,440,440,55,0,1
1503756329288,58,HTTP Request,200,,Thread Group 1-650,text,true,,139284,196,440,440,57,0,0
1503756329272,75,HTTP Request,200,,Thread Group 1-889,text,true,,139284,196,438,438,61,0,1
1503756328431,919,HTTP Request,200,,Thread Group 1-662,text,true,,139284,196,437,437,859,0,620
1503756329277,73,HTTP Request,200,,Thread Group 1-941,text,true,,139284,196,436,436,61,0,1
1503756328980,372,HTTP Request,200,,Thread Group 1-968,text,true,,139284,196,435,435,309,0,9
1503756328393,960,HTTP Request,200,,Thread Group 1-292,text,true,,139284,196,434,434,896,0,508
1503756328391,966,HTTP Request,200,,Thread Group 1-324,text,true,,139284,196,433,433,897,0,503
1503756329269,88,HTTP Request,200,,Thread Group 1-933,text,true,,139284,196,433,433,61,0,1
1503756328983,374,HTTP Request,200,,Thread Group 1-886,text,true,,139284,196,432,432,267,0,5
1503756329288,70,HTTP Request,200,,Thread Group 1-957,text,true,,139284,196,431,431,62,0,4
1503756328980,378,HTTP Request,200,,Thread Group 1-976,text,true,,139284,196,430,430,309,0,9
1503756328382,977,HTTP Request,200,,Thread Group 1-614,text,true,,139284,196,428,428,868,0,602
1503756328380,981,HTTP Request,200,,Thread Group 1-366,text,true,,139284,196,427,427,822,0,515
1503756328312,1050,HTTP Request,200,,Thread Group 1-461,text,true,,139284,196,426,426,897,0,0
1503756328498,864,HTTP Request,200,,Thread Group 1-702,text,true,,139284,196,426,426,762,0,557
1503756328386,976,HTTP Request,200,,Thread Group 1-342,text,true,,139284,196,426,426,853,0,516
1503756328978,385,HTTP Request,200,,Thread Group 1-862,text,true,,139284,196,425,425,276,0,12
1503756328980,384,HTTP Request,200,,Thread Group 1-838,text,true,,139284,196,426,426,273,0,9
1503756328978,388,HTTP Request,200,,Thread Group 1-774,text,true,,139284,196,427,427,276,0,12
1503756328644,723,HTTP Request,200,,Thread Group 1-618,text,true,,139284,196,429,429,721,0,560
1503756328982,386,HTTP Request,200,,Thread Group 1-948,text,true,,139284,196,429,429,309,0,6
1503756329208,163,HTTP Request,200,,Thread Group 1-840,text,true,,139284,196,429,429,106,0,1
1503756328382,989,HTTP Request,200,,Thread Group 1-358,text,true,,139284,196,429,429,987,0,511
1503756328980,391,HTTP Request,200,,Thread Group 1-707,text,true,,139284,196,429,429,389,0,8
1503756329266,107,HTTP Request,200,,Thread Group 1-865,text,true,,139284,196,429,429,59,0,0
1503756328400,974,HTTP Request,200,,Thread Group 1-310,text,true,,139284,196,428,428,969,0,571
1503756328390,985,HTTP Request,200,,Thread Group 1-331,text,true,,139284,196,428,428,980,0,503
1503756329281,94,HTTP Request,200,,Thread Group 1-949,text,true,,139284,196,428,428,58,0,1
1503756328396,982,HTTP Request,200,,Thread Group 1-319,text,true,,139284,196,427,427,974,0,508
1503756329193,186,HTTP Request,200,,Thread Group 1-792,text,true,,139284,196,426,426,91,0,1
1503756328392,987,HTTP Request,200,,Thread Group 1-304,text,true,,139284,196,426,426,981,0,501
1503756328385,994,HTTP Request,200,,Thread Group 1-349,text,true,,139284,196,425,425,985,0,510
1503756328383,999,HTTP Request,200,,Thread Group 1-352,text,true,,139284,196,423,423,990,0,510
1503756329364,20,HTTP Request,200,,Thread Group 1-973,text,true,,139284,196,422,422,17,0,1
1503756328397,988,HTTP Request,200,,Thread Group 1-321,text,true,,139284,196,421,421,976,0,556
1503756329367,19,HTTP Request,200,,Thread Group 1-989,text,true,,139284,196,420,420,16,0,2
1503756329372,15,HTTP Request,200,,Thread Group 1-839,text,true,,139284,196,419,419,13,0,0
1503756329366,21,HTTP Request,200,,Thread Group 1-977,text,true,,139284,196,419,419,14,0,1
1503756329287,102,HTTP Request,200,,Thread Group 1-850,text,true,,139284,196,417,417,99,0,1
1503756329216,173,HTTP Request,200,,Thread Group 1-860,text,true,,139284,196,416,416,171,0,2
1503756328395,995,HTTP Request,200,,Thread Group 1-325,text,true,,139284,196,415,415,980,0,500
1503756328625,766,HTTP Request,200,,Thread Group 1-610,text,true,,139284,196,414,414,763,0,744
1503756329271,123,HTTP Request,200,,Thread Group 1-898,text,true,,139284,196,413,413,121,0,1
1503756329264,132,HTTP Request,200,,Thread Group 1-905,text,true,,139284,196,412,412,128,0,0
1503756329288,109,HTTP Request,200,,Thread Group 1-846,text,true,,139284,196,411,411,108,0,1
1503756329276,123,HTTP Request,200,,Thread Group 1-866,text,true,,139284,196,410,410,120,0,1
1503756329367,34,HTTP Request,200,,Thread Group 1-981,text,true,,139284,196,409,409,32,0,0
1503756329363,41,HTTP Request,200,,Thread Group 1-961,text,true,,139284,196,408,408,39,0,1
1503756329270,134,HTTP Request,200,,Thread Group 1-937,text,true,,139284,196,407,407,122,0,0
1503756329268,139,HTTP Request,200,,Thread Group 1-929,text,true,,139284,196,406,406,137,0,1
1503756329207,205,HTTP Request,200,,Thread Group 1-844,text,true,,139284,196,405,405,201,0,1
1503756329213,204,HTTP Request,200,,Thread Group 1-828,text,true,,139284,196,404,404,197,0,1
1503756329263,157,HTTP Request,200,,Thread Group 1-897,text,true,,139284,196,403,403,153,0,0
1503756329286,142,HTTP Request,200,,Thread Group 1-858,text,true,,139284,196,404,404,139,0,1
1503756329264,170,HTTP Request,200,,Thread Group 1-917,text,true,,139284,196,403,403,163,0,1
1503756329282,155,HTTP Request,200,,Thread Group 1-666,text,true,,139284,196,402,402,152,0,1
1503756329264,175,HTTP Request,200,,Thread Group 1-874,text,true,,139284,196,401,401,173,0,0
1503756329262,185,HTTP Request,200,,Thread Group 1-893,text,true,,139284,196,401,401,181,0,1
1503756329273,177,HTTP Request,200,,Thread Group 1-885,text,true,,139284,196,400,400,172,0,1
1503756329372,81,HTTP Request,200,,Thread Group 1-843,text,true,,139284,196,399,399,68,0,0
1503756329209,252,HTTP Request,200,,Thread Group 1-856,text,true,,139284,196,398,398,248,0,1
1503756329206,257,HTTP Request,200,,Thread Group 1-757,text,true,,139284,196,397,397,250,0,1
1503756328982,486,HTTP Request,200,,Thread Group 1-806,text,true,,139284,196,396,396,406,0,7
1503756329376,98,HTTP Request,200,,Thread Group 1-831,text,true,,139284,196,395,395,95,0,1
1503756329375,99,HTTP Request,200,,Thread Group 1-833,text,true,,139284,196,395,395,96,0,0
1503756329373,105,HTTP Request,200,,Thread Group 1-837,text,true,,139284,196,393,393,13,0,1
1503756329368,112,HTTP Request,200,,Thread Group 1-993,text,true,,139284,196,392,392,15,0,1
1503756329364,118,HTTP Request,200,,Thread Group 1-969,text,true,,139284,196,391,391,17,0,5
1503756329423,59,HTTP Request,200,,Thread Group 1-825,text,true,,139284,196,390,390,58,0,1
1503756329211,273,HTTP Request,200,,Thread Group 1-836,text,true,,139284,196,389,389,211,0,0
1503756329368,116,HTTP Request,200,,Thread Group 1-997,text,true,,139284,196,389,389,86,0,1
1503756328418,1067,HTTP Request,200,,Thread Group 1-646,text,true,,139284,196,387,387,1005,0,569
1503756329265,221,HTTP Request,200,,Thread Group 1-686,text,true,,139284,196,386,386,156,0,1
1503756329267,220,HTTP Request,200,,Thread Group 1-921,text,true,,139284,196,385,385,169,0,1
1503756329365,123,HTTP Request,200,,Thread Group 1-965,text,true,,139284,196,384,384,77,0,2
1503756329279,210,HTTP Request,200,,Thread Group 1-945,text,true,,139284,196,383,383,175,0,1
1503756329266,224,HTTP Request,200,,Thread Group 1-741,text,true,,139284,196,382,382,189,0,1
1503756329371,120,HTTP Request,200,,Thread Group 1-845,text,true,,139284,196,381,381,95,0,1
1503756328401,1090,HTTP Request,200,,Thread Group 1-309,text,true,,139284,196,380,380,1031,0,503
1503756328388,1104,HTTP Request,200,,Thread Group 1-339,text,true,,139284,196,379,379,1072,0,513
1503756328398,1094,HTTP Request,200,,Thread Group 1-313,text,true,,139284,196,379,379,1025,0,569
1503756328982,512,HTTP Request,200,,Thread Group 1-798,text,true,,139284,196,377,377,440,0,7
1503756329368,126,HTTP Request,200,,Thread Group 1-985,text,true,,139284,196,376,376,94,0,1
1503756328391,1105,HTTP Request,200,,Thread Group 1-330,text,true,,139284,196,375,375,1076,0,511
1503756328388,1109,HTTP Request,200,,Thread Group 1-338,text,true,,139284,196,374,374,1056,0,506
1503756328979,520,HTTP Request,200,,Thread Group 1-779,text,true,,139284,196,373,373,443,0,9
1503756328399,1100,HTTP Request,200,,Thread Group 1-314,text,true,,139284,196,373,373,1033,0,503
1503756328392,1109,HTTP Request,200,,Thread Group 1-308,text,true,,139284,196,371,371,1084,0,509
1503756328392,1111,HTTP Request,200,,Thread Group 1-328,text,true,,139284,196,371,371,1102,0,501
1503756329455,51,HTTP Request,200,,Thread Group 1-817,text,true,,139284,196,371,371,50,0,0
1503756328401,1106,HTTP Request,200,,Thread Group 1-307,text,true,,139284,196,370,370,1031,0,503
1503756329423,85,HTTP Request,200,,Thread Group 1-821,text,true,,139284,196,369,369,74,0,1
1503756328389,1122,HTTP Request,200,,Thread Group 1-337,text,true,,139284,196,369,369,1115,0,504
1503756328395,1123,HTTP Request,200,,Thread Group 1-323,text,true,,139284,196,371,371,1113,0,498
1503756329509,12,HTTP Request,200,,Thread Group 1-801,text,true,,139284,196,370,370,10,0,1
1503756329503,19,HTTP Request,200,,Thread Group 1-809,text,true,,139284,196,369,369,11,0,1
1503756329513,10,HTTP Request,200,,Thread Group 1-789,text,true,,139284,196,368,368,5,0,1
1503756328398,1126,HTTP Request,200,,Thread Group 1-317,text,true,,139284,196,367,367,1034,0,503
1503756328397,1128,HTTP Request,200,,Thread Group 1-630,text,true,,139284,196,366,366,1027,0,588
1503756328422,1105,HTTP Request,200,,Thread Group 1-654,text,true,,139284,196,365,365,1009,0,565
1503756328393,1135,HTTP Request,200,,Thread Group 1-300,text,true,,139284,196,364,364,1083,0,501
1503756328409,1119,HTTP Request,200,,Thread Group 1-638,text,true,,139284,196,364,364,1014,0,577
1503756328399,1129,HTTP Request,200,,Thread Group 1-311,text,true,,139284,196,362,362,1025,0,554
1503756328385,1144,HTTP Request,200,,Thread Group 1-351,text,true,,139284,196,361,361,1118,0,508
1503756328980,550,HTTP Request,200,,Thread Group 1-727,text,true,,139284,196,360,360,442,0,8
1503756328390,1140,HTTP Request,200,,Thread Group 1-332,text,true,,139284,196,360,360,1087,0,504
1503756328392,1141,HTTP Request,200,,Thread Group 1-333,text,true,,139284,196,341,341,1124,0,500
1503756328381,1153,HTTP Request,200,,Thread Group 1-361,text,true,,139284,196,340,340,1134,0,512
1503756328396,1138,HTTP Request,200,,Thread Group 1-322,text,true,,139284,196,340,340,1115,0,499
1503756328387,1149,HTTP Request,200,,Thread Group 1-341,text,true,,139284,196,338,338,1123,0,506
1503756328394,1143,HTTP Request,200,,Thread Group 1-327,text,true,,139284,196,337,337,1121,0,498
1503756328383,1155,HTTP Request,200,,Thread Group 1-350,text,true,,139284,196,336,336,1132,0,510
1503756328382,1157,HTTP Request,200,,Thread Group 1-355,text,true,,139284,196,335,335,1133,0,511
1503756328389,1151,HTTP Request,200,,Thread Group 1-334,text,true,,139284,196,334,334,1121,0,505
1503756329505,39,HTTP Request,200,,Thread Group 1-807,text,true,,139284,196,332,332,37,0,0
1503756329514,30,HTTP Request,200,,Thread Group 1-785,text,true,,139284,196,332,332,27,0,1
1503756329512,35,HTTP Request,200,,Thread Group 1-793,text,true,,139284,196,330,330,33,0,0
1503756328393,1156,HTTP Request,200,,Thread Group 1-326,text,true,,139284,196,310,310,1118,0,500
1503756328389,1161,HTTP Request,200,,Thread Group 1-335,text,true,,139284,196,308,308,1122,0,504
1503756328393,1158,HTTP Request,200,,Thread Group 1-329,text,true,,139284,196,300,300,1118,0,500
1503756328972,584,HTTP Request,200,,Thread Group 1-963,text,true,,139284,196,255,255,580,0,560
1503756328976,582,HTTP Request,200,,Thread Group 1-956,text,true,,139284,196,254,254,576,0,563
1503756328934,627,HTTP Request,200,,Thread Group 1-709,text,true,,139284,196,242,242,624,0,601
1503756328970,595,HTTP Request,200,,Thread Group 1-943,text,true,,139284,196,244,244,592,0,563
1503756328968,604,HTTP Request,200,,Thread Group 1-896,text,true,,139284,196,242,242,602,0,572
1503756328984,593,HTTP Request,200,,Thread Group 1-603,text,true,,139284,196,241,241,590,0,549
1503756328985,596,HTTP Request,200,,Thread Group 1-615,text,true,,139284,196,240,240,594,0,547
1503756328975,611,HTTP Request,200,,Thread Group 1-987,text,true,,139284,196,239,239,606,0,558
1503756328970,619,HTTP Request,200,,Thread Group 1-939,text,true,,139284,196,238,238,617,0,562
1503756329562,77,HTTP Request,200,,Thread Group 1-772,text,true,,139284,196,238,238,76,0,0
1503756329119,523,HTTP Request,200,,Thread Group 1-752,text,true,,139284,196,238,238,521,0,446
1503756328565,1081,HTTP Request,200,,Thread Group 1-786,text,true,,139284,196,238,238,1078,0,1011
1503756329565,82,HTTP Request,200,,Thread Group 1-756,text,true,,139284,196,238,238,73,0,1
1503756329036,613,HTTP Request,200,,Thread Group 1-695,text,true,,139284,196,238,238,609,0,539
1503756329563,89,HTTP Request,200,,Thread Group 1-768,text,true,,139284,196,238,238,78,0,0
1503756329564,88,HTTP Request,200,,Thread Group 1-764,text,true,,139284,196,238,238,74,0,0
1503756329059,596,HTTP Request,200,,Thread Group 1-713,text,true,,139284,196,238,238,594,0,529
1503756329033,625,HTTP Request,200,,Thread Group 1-663,text,true,,139284,196,238,238,617,0,543
1503756329560,98,HTTP Request,200,,Thread Group 1-776,text,true,,139284,196,238,238,80,0,1
1503756328531,1129,HTTP Request,200,,Thread Group 1-762,text,true,,139284,196,238,238,1124,0,1045
1503756329060,601,HTTP Request,200,,Thread Group 1-877,text,true,,139284,196,238,238,593,0,527
1503756328568,1096,HTTP Request,200,,Thread Group 1-680,text,true,,139284,196,238,238,1094,0,1007
1503756328548,1116,HTTP Request,200,,Thread Group 1-608,text,true,,139284,196,238,238,1114,0,1028
1503756329027,638,HTTP Request,200,,Thread Group 1-673,text,true,,139284,196,238,238,632,0,561
1503756328971,710,HTTP Request,200,,Thread Group 1-955,text,true,,139284,196,238,238,708,0,614
1503756328566,1115,HTTP Request,200,,Thread Group 1-644,text,true,,139284,196,238,238,1113,0,1010
1503756328983,695,HTTP Request,200,,Thread Group 1-731,text,true,,139284,196,238,238,693,0,601
1503756328547,1131,HTTP Request,200,,Thread Group 1-578,text,true,,139284,196,238,238,1128,0,1038
1503756328550,1125,HTTP Request,200,,Thread Group 1-640,text,true,,139284,196,238,238,1123,0,1034
1503756328567,1107,HTTP Request,200,,Thread Group 1-636,text,true,,139284,196,238,238,1104,0,1017
1503756329023,650,HTTP Request,200,,Thread Group 1-611,text,true,,139284,196,238,238,644,0,561
1503756328922,749,HTTP Request,200,,Thread Group 1-782,text,true,,139284,196,238,238,746,0,663
1503756328547,1124,HTTP Request,200,,Thread Group 1-604,text,true,,139284,196,238,238,1112,0,1029
1503756329076,608,HTTP Request,200,,Thread Group 1-787,text,true,,139284,196,231,231,606,0,508
1503756328987,700,HTTP Request,200,,Thread Group 1-587,text,true,,139284,196,228,228,695,0,589
1503756328566,1121,HTTP Request,200,,Thread Group 1-624,text,true,,139284,196,227,227,1119,0,1009
1503756328566,1124,HTTP Request,200,,Thread Group 1-590,text,true,,139284,196,226,226,1123,0,1018
1503756329027,666,HTTP Request,200,,Thread Group 1-661,text,true,,139284,196,225,225,664,0,561
1503756328550,1146,HTTP Request,200,,Thread Group 1-616,text,true,,139284,196,224,224,1145,0,1034
1503756328984,712,HTTP Request,200,,Thread Group 1-599,text,true,,139284,196,224,224,665,0,571
1503756329011,688,HTTP Request,200,,Thread Group 1-665,text,true,,139284,196,223,223,686,0,577
1503756329019,680,HTTP Request,200,,Thread Group 1-815,text,true,,139284,196,223,223,678,0,557
1503756329034,669,HTTP Request,200,,Thread Group 1-635,text,true,,139284,196,222,222,667,0,541
1503756328981,725,HTTP Request,200,,Thread Group 1-906,text,true,,139284,196,221,221,704,0,604
1503756328975,731,HTTP Request,200,,Thread Group 1-979,text,true,,139284,196,220,220,730,0,609
1503756328975,733,HTTP Request,200,,Thread Group 1-790,text,true,,139284,196,219,219,666,0,601
1503756329026,682,HTTP Request,200,,Thread Group 1-591,text,true,,139284,196,218,218,679,0,550
1503756329030,680,HTTP Request,200,,Thread Group 1-664,text,true,,139284,196,217,217,619,0,524
1503756329031,681,HTTP Request,200,,Thread Group 1-647,text,true,,139284,196,216,216,679,0,552
1503756328533,1179,HTTP Request,200,,Thread Group 1-562,text,true,,139284,196,215,215,1177,0,1043
1503756328514,1199,HTTP Request,200,,Thread Group 1-738,text,true,,139284,196,214,214,1198,0,1071
1503756329018,697,HTTP Request,200,,Thread Group 1-685,text,true,,139284,196,213,213,696,0,570
1503756329022,694,HTTP Request,200,,Thread Group 1-649,text,true,,139284,196,212,212,692,0,565
1503756328982,736,HTTP Request,200,,Thread Group 1-719,text,true,,139284,196,211,211,668,0,572
1503756329565,155,HTTP Request,200,,Thread Group 1-760,text,true,,139284,196,208,208,74,0,2
1503756329560,161,HTTP Request,200,,Thread Group 1-780,text,true,,139284,196,207,207,79,0,2
1503756328970,700,HTTP Request,200,,Thread Group 1-588,text,true,,139284,196,238,238,603,0,570
1503756329051,618,HTTP Request,200,,Thread Group 1-974,text,true,,139284,196,238,238,617,0,526
1503756328568,1099,HTTP Request,200,,Thread Group 1-676,text,true,,139284,196,238,238,1097,0,1008
1503756329033,694,HTTP Request,200,,Thread Group 1-655,text,true,,139284,196,187,187,681,0,551
1503756328987,742,HTTP Request,200,,Thread Group 1-583,text,true,,139284,196,186,186,741,0,598
1503756328981,749,HTTP Request,200,,Thread Group 1-735,text,true,,139284,196,185,185,747,0,603
1503756328985,747,HTTP Request,200,,Thread Group 1-930,text,true,,139284,196,184,184,745,0,601
1503756328536,1197,HTTP Request,200,,Thread Group 1-770,text,true,,139284,196,183,183,1195,0,1049
1503756328980,753,HTTP Request,200,,Thread Group 1-996,text,true,,139284,196,182,182,688,0,559
1503756328973,762,HTTP Request,200,,Thread Group 1-967,text,true,,139284,196,181,181,757,0,612
1503756329062,673,HTTP Request,200,,Thread Group 1-750,text,true,,139284,196,180,180,672,0,524
1503756329027,709,HTTP Request,200,,Thread Group 1-751,text,true,,139284,196,179,179,707,0,558
1503756328976,762,HTTP Request,200,,Thread Group 1-814,text,true,,139284,196,178,178,682,0,601
1503756328971,769,HTTP Request,200,,Thread Group 1-912,text,true,,139284,196,177,177,683,0,569
1503756329061,681,HTTP Request,200,,Thread Group 1-799,text,true,,139284,196,176,176,679,0,525
1503756328566,1176,HTTP Request,200,,Thread Group 1-652,text,true,,139284,196,175,175,1175,0,1018
1503756328987,755,HTTP Request,200,,Thread Group 1-639,text,true,,139284,196,175,175,752,0,599
1503756328569,1176,HTTP Request,200,,Thread Group 1-602,text,true,,139284,196,173,173,1174,0,1016
1503756329086,659,HTTP Request,200,,Thread Group 1-804,text,true,,139284,196,173,173,657,0,553
1503756329095,653,HTTP Request,200,,Thread Group 1-918,text,true,,139284,196,171,171,652,0,544
1503756329097,652,HTTP Request,200,,Thread Group 1-914,text,true,,139284,196,170,170,650,0,542
1503756328987,763,HTTP Request,200,,Thread Group 1-954,text,true,,139284,196,169,169,664,0,568
1503756328976,777,HTTP Request,200,,Thread Group 1-995,text,true,,139284,196,168,168,674,0,557
1503756328979,774,HTTP Request,200,,Thread Group 1-992,text,true,,139284,196,167,167,670,0,576
1503756329116,640,HTTP Request,200,,Thread Group 1-736,text,true,,139284,196,166,166,638,0,525
1503756329105,651,HTTP Request,200,,Thread Group 1-902,text,true,,139284,196,166,166,649,0,537
1503756329093,664,HTTP Request,200,,Thread Group 1-734,text,true,,139284,196,164,164,661,0,549
1503756329111,648,HTTP Request,200,,Thread Group 1-769,text,true,,139284,196,163,163,646,0,531
1503756329118,642,HTTP Request,200,,Thread Group 1-744,text,true,,139284,196,162,162,640,0,523
1503756329102,659,HTTP Request,200,,Thread Group 1-765,text,true,,139284,196,161,161,657,0,537
1503756329104,657,HTTP Request,200,,Thread Group 1-761,text,true,,139284,196,160,160,656,0,538
1503756329092,671,HTTP Request,200,,Thread Group 1-813,text,true,,139284,196,159,159,670,0,547
1503756329087,677,HTTP Request,200,,Thread Group 1-938,text,true,,139284,196,159,159,674,0,553
1503756329117,647,HTTP Request,200,,Thread Group 1-740,text,true,,139284,196,158,158,645,0,525
1503756329081,685,HTTP Request,200,,Thread Group 1-733,text,true,,139284,196,156,156,683,0,562
1503756329088,679,HTTP Request,200,,Thread Group 1-747,text,true,,139284,196,156,156,677,0,555
1503756329092,675,HTTP Request,200,,Thread Group 1-737,text,true,,139284,196,154,154,673,0,551
1503756328526,1242,HTTP Request,200,,Thread Group 1-754,text,true,,139284,196,154,153,1123,0,1028
1503756329104,665,HTTP Request,200,,Thread Group 1-797,text,true,,139284,196,152,152,664,0,539
1503756329089,681,HTTP Request,200,,Thread Group 1-829,text,true,,139284,196,151,151,679,0,554
1503756329093,678,HTTP Request,200,,Thread Group 1-934,text,true,,139284,196,150,150,675,0,549
1503756329104,668,HTTP Request,200,,Thread Group 1-706,text,true,,139284,196,149,149,666,0,539
1503756329118,655,HTTP Request,200,,Thread Group 1-748,text,true,,139284,196,148,148,653,0,525
1503756329089,685,HTTP Request,200,,Thread Group 1-771,text,true,,139284,196,147,147,683,0,553
1503756329093,683,HTTP Request,200,,Thread Group 1-726,text,true,,139284,196,146,146,680,0,550
1503756329096,681,HTTP Request,200,,Thread Group 1-718,text,true,,139284,196,145,145,678,0,548
1503756329101,677,HTTP Request,200,,Thread Group 1-777,text,true,,139284,196,144,144,675,0,544
1503756329099,679,HTTP Request,200,,Thread Group 1-910,text,true,,139284,196,143,143,679,0,546
1503756329085,696,HTTP Request,200,,Thread Group 1-745,text,true,,139284,196,142,142,694,0,560
1503756329100,681,HTTP Request,200,,Thread Group 1-805,text,true,,139284,196,141,141,679,0,545
1503756329103,679,HTTP Request,200,,Thread Group 1-763,text,true,,139284,196,141,141,677,0,542
1503756329114,670,HTTP Request,200,,Thread Group 1-773,text,true,,139284,196,139,139,668,0,532
1503756329038,746,HTTP Request,200,,Thread Group 1-700,text,true,,139284,196,139,139,744,0,612
1503756328974,810,HTTP Request,200,,Thread Group 1-928,text,true,,139284,196,137,137,809,0,677
1503756329058,728,HTTP Request,200,,Thread Group 1-876,text,true,,139284,196,136,136,727,0,593
1503756329057,730,HTTP Request,200,,Thread Group 1-712,text,true,,139284,196,135,135,729,0,594
1503756328983,806,HTTP Request,200,,Thread Group 1-572,text,true,,139284,196,134,134,804,0,668
1503756329046,743,HTTP Request,200,,Thread Group 1-708,text,true,,139284,196,133,133,742,0,607
1503756329028,762,HTTP Request,200,,Thread Group 1-681,text,true,,139284,196,132,132,620,0,526
1503756328976,817,HTTP Request,200,,Thread Group 1-944,text,true,,139284,196,131,131,671,0,579
1503756328549,1246,HTTP Request,200,,Thread Group 1-628,text,true,,139284,196,130,130,1244,0,1105
1503756328971,824,HTTP Request,200,,Thread Group 1-947,text,true,,139284,196,130,130,676,0,584
1503756328983,812,HTTP Request,200,,Thread Group 1-564,text,true,,139284,196,128,128,811,0,670
1503756328976,822,HTTP Request,200,,Thread Group 1-818,text,true,,139284,196,127,127,671,0,578
1503756328969,830,HTTP Request,200,,Thread Group 1-904,text,true,,139284,196,126,126,678,0,586
1503756328977,823,HTTP Request,200,,Thread Group 1-999,text,true,,139284,196,125,125,670,0,578
1503756328566,1234,HTTP Request,200,,Thread Group 1-648,text,true,,139284,196,125,125,1233,0,1088
1503756328565,1237,HTTP Request,200,,Thread Group 1-632,text,true,,139284,196,123,123,1235,0,1089
1503756328502,1301,HTTP Request,200,,Thread Group 1-690,text,true,,139284,196,122,122,1145,0,1052
1503756328972,832,HTTP Request,200,,Thread Group 1-959,text,true,,139284,196,121,121,674,0,583
1503756328501,1305,HTTP Request,200,,Thread Group 1-698,text,true,,139284,196,120,120,1303,0,1154
1503756329553,254,HTTP Request,200,,Thread Group 1-784,text,true,,139284,196,119,119,92,0,1
1503756328925,883,HTTP Request,200,,Thread Group 1-982,text,true,,139284,196,118,118,721,0,630
1503756328566,1242,HTTP Request,200,,Thread Group 1-794,text,true,,139284,196,117,117,1241,0,1089
1503756329560,251,HTTP Request,200,,Thread Group 1-781,text,true,,139284,196,116,116,85,0,0
1503756328985,826,HTTP Request,200,,Thread Group 1-619,text,true,,139284,196,116,116,661,0,570
1503756329036,778,HTTP Request,200,,Thread Group 1-699,text,true,,139284,196,114,114,701,0,550
1503756329057,758,HTTP Request,200,,Thread Group 1-994,text,true,,139284,196,113,113,650,0,528
1503756329036,780,HTTP Request,200,,Thread Group 1-687,text,true,,139284,196,112,112,701,0,550
1503756328969,848,HTTP Request,200,,Thread Group 1-900,text,true,,139284,196,111,111,680,0,586
1503756328971,847,HTTP Request,200,,Thread Group 1-951,text,true,,139284,196,111,111,844,0,685
1503756328983,836,HTTP Request,200,,Thread Group 1-759,text,true,,139284,196,109,109,834,0,673
1503756328974,846,HTTP Request,200,,Thread Group 1-975,text,true,,139284,196,108,108,843,0,682
1503756329031,790,HTTP Request,200,,Thread Group 1-651,text,true,,139284,196,107,107,788,0,626
1503756329093,729,HTTP Request,200,,Thread Group 1-926,text,true,,139284,196,106,106,657,0,549
1503756328978,846,HTTP Request,200,,Thread Group 1-873,text,true,,139284,196,105,105,843,0,679
1503756329053,771,HTTP Request,200,,Thread Group 1-703,text,true,,139284,196,105,105,770,0,604
1503756329028,798,HTTP Request,200,,Thread Group 1-743,text,true,,139284,196,103,103,797,0,630
1503756329065,762,HTTP Request,200,,Thread Group 1-795,text,true,,139284,196,102,102,758,0,592
1503756329033,795,HTTP Request,200,,Thread Group 1-683,text,true,,139284,196,101,101,789,0,624
1503756328568,1260,HTTP Request,200,,Thread Group 1-802,text,true,,139284,196,101,101,1257,0,1089
1503756328984,845,HTTP Request,200,,Thread Group 1-922,text,true,,139284,196,99,99,844,0,674
1503756328975,856,HTTP Request,200,,Thread Group 1-990,text,true,,139284,196,98,98,855,0,684
1503756329025,807,HTTP Request,200,,Thread Group 1-767,text,true,,139284,196,98,98,805,0,635
1503756329053,780,HTTP Request,200,,Thread Group 1-986,text,true,,139284,196,96,96,778,0,606
1503756329036,798,HTTP Request,200,,Thread Group 1-671,text,true,,139284,196,95,95,797,0,624
1503756329060,776,HTTP Request,200,,Thread Group 1-803,text,true,,139284,196,94,94,774,0,599
1503756329050,786,HTTP Request,200,,Thread Group 1-962,text,true,,139284,196,94,94,785,0,610
1503756329035,802,HTTP Request,200,,Thread Group 1-691,text,true,,139284,196,92,92,798,0,625
1503756328545,1293,HTTP Request,200,,Thread Group 1-570,text,true,,139284,196,91,91,1289,0,1115
1503756328567,1272,HTTP Request,200,,Thread Group 1-668,text,true,,139284,196,90,90,1232,0,1087
1503756328973,868,HTTP Request,200,,Thread Group 1-971,text,true,,139284,196,89,89,866,0,688
1503756328503,1339,HTTP Request,200,,Thread Group 1-722,text,true,,139284,196,88,88,1335,0,1158
1503756328977,865,HTTP Request,200,,Thread Group 1-711,text,true,,139284,196,87,87,862,0,684
1503756328986,857,HTTP Request,200,,Thread Group 1-942,text,true,,139284,196,87,87,853,0,675
1503756329026,818,HTTP Request,200,,Thread Group 1-657,text,true,,139284,196,85,85,776,0,629
1503756329030,814,HTTP Request,200,,Thread Group 1-579,text,true,,139284,196,84,84,674,0,546
1503756329067,779,HTTP Request,200,,Thread Group 1-728,text,true,,139284,196,83,83,778,0,595
1503756329029,819,HTTP Request,200,,Thread Group 1-660,text,true,,139284,196,82,82,817,0,632
1503756329057,792,HTTP Request,200,,Thread Group 1-758,text,true,,139284,196,81,81,652,0,520
1503756329062,788,HTTP Request,200,,Thread Group 1-720,text,true,,139284,196,80,80,785,0,601
1503756329057,794,HTTP Request,200,,Thread Group 1-716,text,true,,139284,196,79,79,792,0,606
1503756329027,826,HTTP Request,200,,Thread Group 1-576,text,true,,139284,196,78,78,823,0,637
1503756329095,759,HTTP Request,200,,Thread Group 1-753,text,true,,139284,196,77,77,649,0,544
1503756329060,794,HTTP Request,200,,Thread Group 1-868,text,true,,139284,196,77,77,792,0,605
1503756328975,880,HTTP Request,200,,Thread Group 1-936,text,true,,139284,196,75,75,879,0,691
1503756328970,887,HTTP Request,200,,Thread Group 1-908,text,true,,139284,196,74,74,885,0,696
1503756329034,824,HTTP Request,200,,Thread Group 1-696,text,true,,139284,196,73,73,823,0,633
1503756328977,882,HTTP Request,200,,Thread Group 1-822,text,true,,139284,196,72,72,672,0,577
1503756329026,834,HTTP Request,200,,Thread Group 1-552,text,true,,139284,196,71,71,819,0,636
1503756328975,886,HTTP Request,200,,Thread Group 1-932,text,true,,139284,196,70,70,883,0,692
1503756329030,831,HTTP Request,200,,Thread Group 1-643,text,true,,139284,196,70,70,664,0,546
1503756328566,1297,HTTP Request,200,,Thread Group 1-672,text,true,,139284,196,68,68,1296,0,1103
1503756328567,1297,HTTP Request,200,,Thread Group 1-592,text,true,,139284,196,67,67,1296,0,1102
1503756328993,873,HTTP Request,200,,Thread Group 1-596,text,true,,139284,196,66,66,868,0,675
1503756328549,1317,HTTP Request,200,,Thread Group 1-612,text,true,,139284,196,66,66,1316,0,1120
1503756329021,846,HTTP Request,200,,Thread Group 1-629,text,true,,139284,196,66,66,844,0,649
1503756328568,1301,HTTP Request,200,,Thread Group 1-688,text,true,,139284,196,63,63,1297,0,1101
1503756328565,1304,HTTP Request,200,,Thread Group 1-620,text,true,,139284,196,62,62,1302,0,1104
1503756328548,1322,HTTP Request,200,,Thread Group 1-600,text,true,,139284,196,61,61,1319,0,1122
1503756329059,813,HTTP Request,200,,Thread Group 1-811,text,true,,139284,196,60,60,811,0,612
1503756329013,859,HTTP Request,200,,Thread Group 1-669,text,true,,139284,196,60,60,857,0,657
1503756329060,812,HTTP Request,200,,Thread Group 1-872,text,true,,139284,196,58,58,808,0,608
1503756329059,816,HTTP Request,200,,Thread Group 1-717,text,true,,139284,196,57,57,811,0,611
1503756329032,843,HTTP Request,200,,Thread Group 1-675,text,true,,139284,196,56,56,842,0,639
1503756329019,856,HTTP Request,200,,Thread Group 1-645,text,true,,139284,196,56,56,854,0,652
1503756329027,850,HTTP Request,200,,Thread Group 1-755,text,true,,139284,196,54,54,846,0,644
1503756329029,849,HTTP Request,200,,Thread Group 1-775,text,true,,139284,196,53,53,847,0,642
1503756329035,844,HTTP Request,200,,Thread Group 1-679,text,true,,139284,196,52,52,841,0,636
1503756328565,1315,HTTP Request,200,,Thread Group 1-582,text,true,,139284,196,51,51,1314,0,1107
1503756329033,848,HTTP Request,200,,Thread Group 1-667,text,true,,139284,196,50,50,846,0,639
1503756329042,840,HTTP Request,200,,Thread Group 1-704,text,true,,139284,196,49,49,604,0,512
1503756329017,909,HTTP Request,200,,Thread Group 1-823,text,true,,139284,196,49,49,862,0,655
1503756329070,857,HTTP Request,200,,Thread Group 1-732,text,true,,139284,196,48,48,679,0,572
1503756328976,952,HTTP Request,200,,Thread Group 1-991,text,true,,139284,196,47,47,672,0,579
1503756328976,956,HTTP Request,200,,Thread Group 1-940,text,true,,139284,196,46,46,815,0,677
1503756328971,962,HTTP Request,200,,Thread Group 1-580,text,true,,139284,196,45,45,819,0,682
1503756329026,908,HTTP Request,200,,Thread Group 1-548,text,true,,139284,196,44,44,904,0,698
1503756328515,1419,HTTP Request,200,,Thread Group 1-746,text,true,,139284,196,44,44,1281,0,1139
1503756328546,1390,HTTP Request,200,,Thread Group 1-778,text,true,,139284,196,42,42,1250,0,1108
1503756329024,913,HTTP Request,200,,Thread Group 1-633,text,true,,139284,196,41,41,903,0,637
1503756328987,951,HTTP Request,200,,Thread Group 1-631,text,true,,139284,196,40,40,822,0,668
1503756329032,907,HTTP Request,200,,Thread Group 1-659,text,true,,139284,196,39,39,897,0,553
1503756329061,879,HTTP Request,200,,Thread Group 1-864,text,true,,139284,196,38,38,869,0,591
1503756329014,926,HTTP Request,200,,Thread Group 1-677,text,true,,139284,196,38,38,791,0,641
1503756328934,1008,HTTP Request,200,,Thread Group 1-721,text,true,,139284,196,36,36,996,0,744
1503756329070,873,HTTP Request,200,,Thread Group 1-841,text,true,,139284,196,35,35,861,0,586
1503756329025,920,HTTP Request,200,,Thread Group 1-653,text,true,,139284,196,34,34,906,0,657
1503756329016,930,HTTP Request,200,,Thread Group 1-641,text,true,,139284,196,33,33,916,0,665
1503756328981,965,HTTP Request,200,,Thread Group 1-739,text,true,,139284,196,33,33,828,0,674
1503756328993,954,HTTP Request,200,,Thread Group 1-857,text,true,,139284,196,32,32,940,0,663
1503756329071,877,HTTP Request,200,,Thread Group 1-791,text,true,,139284,196,30,30,743,0,585
1503756328980,969,HTTP Request,200,,Thread Group 1-894,text,true,,139284,196,30,30,726,0,597
1503756329018,931,HTTP Request,200,,Thread Group 1-560,text,true,,139284,196,28,28,828,0,645
1503756329072,877,HTTP Request,200,,Thread Group 1-742,text,true,,139284,196,28,28,868,0,601
1503756329030,920,HTTP Request,200,,Thread Group 1-684,text,true,,139284,196,26,26,823,0,635
1503756328983,968,HTTP Request,200,,Thread Group 1-1000,text,true,,139284,196,26,26,873,0,683
1503756328968,983,HTTP Request,200,,Thread Group 1-892,text,true,,139284,196,25,25,891,0,699
1503756329024,929,HTTP Request,200,,Thread Group 1-607,text,true,,139284,196,23,23,796,0,633
1503756329031,924,HTTP Request,200,,Thread Group 1-692,text,true,,139284,196,22,22,922,0,643
1503756328986,970,HTTP Request,200,,Thread Group 1-623,text,true,,139284,196,21,21,856,0,675
1503756329038,919,HTTP Request,200,,Thread Group 1-697,text,true,,139284,196,20,20,915,0,644
1503756329031,926,HTTP Request,200,,Thread Group 1-595,text,true,,139284,196,20,20,851,0,641
1503756329026,932,HTTP Request,200,,Thread Group 1-701,text,true,,139284,196,19,19,927,0,652
1503756328982,977,HTTP Request,200,,Thread Group 1-723,text,true,,139284,196,18,18,693,0,551
1503756328979,981,HTTP Request,200,,Thread Group 1-715,text,true,,139284,196,16,16,737,0,606
1503756328972,989,HTTP Request,200,,Thread Group 1-916,text,true,,139284,196,16,16,678,0,582
1503756329028,934,HTTP Request,200,,Thread Group 1-656,text,true,,139284,196,14,14,932,0,645
1503756329065,898,HTTP Request,200,,Thread Group 1-724,text,true,,139284,196,13,13,894,0,610
1503756329023,941,HTTP Request,200,,Thread Group 1-693,text,true,,139284,196,12,12,932,0,654
1503756329020,944,HTTP Request,200,,Thread Group 1-556,text,true,,139284,196,11,11,939,0,653
1503756329050,916,HTTP Request,200,,Thread Group 1-705,text,true,,139284,196,10,10,901,0,628
1503756329029,938,HTTP Request,200,,Thread Group 1-689,text,true,,139284,196,9,9,775,0,626
1503756329080,889,HTTP Request,200,,Thread Group 1-725,text,true,,139284,196,8,8,872,0,603
1503756328978,991,HTTP Request,200,,Thread Group 1-637,text,true,,139284,196,7,7,975,0,705
1503756328976,995,HTTP Request,200,,Thread Group 1-998,text,true,,139284,196,5,5,741,0,610
1503756328532,1445,HTTP Request,200,,Thread Group 1-558,text,true,,139284,196,4,4,1443,0,1140
1503756329058,922,HTTP Request,200,,Thread Group 1-958,text,true,,139284,196,3,3,824,0,615
1503756329070,914,HTTP Request,200,,Thread Group 1-946,text,true,,139284,196,2,2,905,0,603
1503756329063,926,HTTP Request,200,,Thread Group 1-950,text,true,,139284,196,1,1,588,0,514
